MF,Longitude,Area,DOC,Elevation,Farmland,Forest,Grassland,Shrubland,Wetland,MAP,MAT,Clay,Sand,Silt,Radiation intensity
SW_S19S.0078_U_2,-123.5855556,177.1129415,2.56,129,0.013855343,0.872459974,0.106670234,6.50825E-05,5.06197E-05,1267,11.61666679,24,49,27,164.6666667
SW_S19S.0078_U_1,-123.5855556,177.1129415,2.47,129,0.013855343,0.872459974,0.106670234,6.50825E-05,5.06197E-05,1267,11.61666679,24,49,27,164.6666667
SW_S19S.0078_U_3,-123.5855556,177.1129415,2.27,129,0.013855343,0.872459974,0.106670234,6.50825E-05,5.06197E-05,1267,11.61666679,24,49,27,164.6666667
SW_S19S.0079_U_3,-123.5541667,17737.33717,1.38,92,0.027108412,0.655601114,0.309119214,0.000358132,0.00012425,1296,12.16666698,24,49,27,161.4166667
SW_S19S.0079_U_2,-123.5541667,17737.33717,1.31,92,0.027108412,0.655601114,0.309119214,0.000358132,0.00012425,1296,12.16666698,24,49,27,161.4166667
SW_S19S.0079_U_1,-123.5541667,17737.33717,1.31,92,0.027108412,0.655601114,0.309119214,0.000358132,0.00012425,1296,12.16666698,24,49,27,161.4166667
SW_S19S.0065_U_3,-122.92666,5724.147409,1.84,23,0.070996559,0.83255674,0.065349544,0.008902535,0.001180319,1026,14.05000019,23,39,38,212
SW_S19S.0065_U_2,-122.92666,5724.147409,1.79,23,0.070996559,0.83255674,0.065349544,0.008902535,0.001180319,1026,14.05000019,23,39,38,212
SW_S19S.0065_U_1,-122.92666,5724.147409,1.77,23,0.070996559,0.83255674,0.065349544,0.008902535,0.001180319,1026,14.05000019,23,39,38,212
SW_S19S.0068_U_1,-122.256831,364.3361713,0.66,474,0.001611027,0.984055887,0.012584796,7.22434E-06,2.1673E-05,1738,9.8708334,23,41,36,163.6666667
SW_S19S.0068_U_3,-122.256831,364.3361713,0.71,474,0.001611027,0.984055887,0.012584796,7.22434E-06,2.1673E-05,1738,9.8708334,23,41,36,163.6666667
SW_S19S.0068_U_2,-122.256831,364.3361713,0.69,474,0.001611027,0.984055887,0.012584796,7.22434E-06,2.1673E-05,1738,9.8708334,23,41,36,163.6666667
SW_S19S.0030_U_1,-121.929322,14.19210644,0.45,373,0.000770533,0.968724631,0.029197683,0,0,1907,9.32916641,21,47,32,148.0833333
SW_S19S.0030_U_3,-121.929322,14.19210644,0.53,373,0.000770533,0.968724631,0.029197683,0,0,1907,9.32916641,21,47,32,148.0833333
SW_S19S.0041_U_3,-120.8589539,39625.70243,5.42,869,0.11665307,0.026559784,0.637860462,0.000737772,0,264,8.67083359,23,36,41,181.3333333
SW_S19S.0041_U_1,-120.8589539,39625.70243,3.2,869,0.11665307,0.026559784,0.637860462,0.000737772,0,264,8.67083359,23,36,41,181.3333333
SW_S19S.0041_U_2,-120.8589539,39625.70243,2.85,869,0.11665307,0.026559784,0.637860462,0.000737772,0,264,8.67083359,23,36,41,181.3333333
SW_S19S.0003_U_3,-120.36388,98347.62935,1.15,340,0.005314555,0.086348236,0.477592506,0.000205939,0.000890188,299,8.77083302,21,34,45,141.75
SW_S19S.0003_U_2,-120.36388,98347.62935,1.8,340,0.005314555,0.086348236,0.477592506,0.000205939,0.000890188,299,8.77083302,21,34,45,141.75
SW_S19S.0003_U_1,-120.36388,98347.62935,1.27,340,0.005314555,0.086348236,0.477592506,0.000205939,0.000890188,299,8.77083302,21,34,45,141.75
SW_S19S.0075_U_1,-119.8636111,576267.1,0.74,124,0.126037413,0.081371523,0.654016245,5.15943E-05,0,180,11.79583359,6,83,11,169.0833333
SW_S19S.0036_U_3,-119.8636111,576267.1,1.1,124,0.126037413,0.081371523,0.654016245,5.15943E-05,0,180,11.79583359,6,83,11,169.0833333
SW_S19S.0076_U_1,-119.8636111,576267.1,1.49,124,0.126037413,0.081371523,0.654016245,5.15943E-05,0,180,11.79583359,6,83,11,169.0833333
SW_S19S.0074_U_2,-119.8636111,576267.1,1.45,124,0.126037413,0.081371523,0.654016245,5.15943E-05,0,180,11.79583359,6,83,11,169.0833333
SW_S19S.0074_U_3,-119.8636111,576267.1,1.48,124,0.126037413,0.081371523,0.654016245,5.15943E-05,0,180,11.79583359,6,83,11,169.0833333
SW_S19S.0076_U_2,-119.8636111,576267.1,1.26,124,0.126037413,0.081371523,0.654016245,5.15943E-05,0,180,11.79583359,6,83,11,169.0833333
SW_S19S.0074_U_1,-119.8636111,576267.1,1.18,124,0.126037413,0.081371523,0.654016245,5.15943E-05,0,180,11.79583359,6,83,11,169.0833333
SW_S19S.0075_U_2,-119.8636111,576267.1,1.44,124,0.126037413,0.081371523,0.654016245,5.15943E-05,0,180,11.79583359,6,83,11,169.0833333
SW_S19S.0076_U_3,-119.8636111,576267.1,1.67,124,0.126037413,0.081371523,0.654016245,5.15943E-05,0,180,11.79583359,6,83,11,169.0833333
SW_S19S.0036_U_1,-119.8636111,576267.1,1.34,124,0.126037413,0.081371523,0.654016245,5.15943E-05,0,180,11.79583359,6,83,11,169.0833333
SW_S19S.0036_U_2,-119.8636111,576267.1,0.94,124,0.126037413,0.081371523,0.654016245,5.15943E-05,0,180,11.79583359,6,83,11,169.0833333
SW_S19S.0075_U_3,-119.8636111,576267.1,2.05,124,0.126037413,0.081371523,0.654016245,5.15943E-05,0,180,11.79583359,6,83,11,169.0833333
SW_S19S.0004_U_3,-119.74305,39932.10198,1.79,349,0.041708936,0.513797447,0.434982128,0.00333617,3.40426E-05,454,7.79999971,21,25,54,134.25
SW_S19S.0004_U_2,-119.74305,39932.10198,1.93,349,0.041708936,0.513797447,0.434982128,0.00333617,3.40426E-05,454,7.79999971,21,25,54,134.25
SW_S19S.0004_U_1,-119.74305,39932.10198,1.96,349,0.041708936,0.513797447,0.434982128,0.00333617,3.40426E-05,454,7.79999971,21,25,54,134.25
SW_S19S.0060_U_1,-119.4769444,31119.07894,1.48,142,0.104081143,0.054833293,0.632155707,0,0,189,11.82499981,21,39,40,172.6666667
SW_S19S.0060_U_2,-119.4769444,31119.07894,1.26,142,0.104081143,0.054833293,0.632155707,0,0,189,11.82499981,21,39,40,172.6666667
SW_S19S.0060_U_3,-119.4769444,31119.07894,1.46,142,0.104081143,0.054833293,0.632155707,0,0,189,11.82499981,21,39,40,172.6666667
SW_S19S.0007_U_2,-119.1962,3.860400766,1.05,1783,0.000117863,0.896783116,0.080367105,0.008336869,0,936,9.6208334,24,47,29,201.25
SW_S19S.0007_U_3,-119.1962,3.860400766,1.06,1783,0.000117863,0.896783116,0.080367105,0.008336869,0,936,9.6208334,24,47,29,201.25
SW_S19S.0007_U_1,-119.1962,3.860400766,0.93,1783,0.000117863,0.896783116,0.080367105,0.008336869,0,936,9.6208334,24,47,29,201.25
SW_S19S.0008_U_3,-119.0274,8.57361367,1.96,2095,0.001251919,0.839124444,0.113255384,0.026258809,8.66108E-05,906,7.5958333,24,47,29,207.1666667
SW_S19S.0008_U_2,-119.0274,8.57361367,1.78,2095,0.001251919,0.839124444,0.113255384,0.026258809,8.66108E-05,906,7.5958333,24,47,29,207.1666667
SW_S19S.0008_U_1,-119.0274,8.57361367,1.87,2095,0.001251919,0.839124444,0.113255384,0.026258809,8.66108E-05,906,7.5958333,24,47,29,207.1666667
SW_S19S.0032_U_3,-119.02348,11.11521681,2.4,2036,0.001299294,0.845580824,0.106589391,0.026584352,8.66196E-05,910,8.27499962,24,47,29,207.1666667
SW_S19S.0032_U_2,-119.02348,11.11521681,1.93,2036,0.001299294,0.845580824,0.106589391,0.026584352,8.66196E-05,910,8.27499962,24,47,29,207.1666667
SW_S19S.0032_U_1,-119.02348,11.11521681,1.75,2036,0.001299294,0.845580824,0.106589391,0.026584352,8.66196E-05,910,8.27499962,24,47,29,207.1666667
SW_S19S.0059_U_2,-117.3915976,14.2605175,1.42,883,0.006674141,0.799122865,0.188498318,0.005454066,0,644,6.17916679,11,46,43,151.75
SW_S19S.0059_U_1,-117.3915976,14.2605175,1.51,883,0.006674141,0.799122865,0.188498318,0.005454066,0,644,6.17916679,11,46,43,151.75
SW_S19S.0059_U_3,-117.3915976,14.2605175,1.55,883,0.006674141,0.799122865,0.188498318,0.005454066,0,644,6.17916679,11,46,43,151.75
SW_S19S.0055_U_3,-117.181,851.5527191,2.1,720,0.437703765,0.035003585,0.281422059,6.76398E-06,0,529,8.7458334,24,35,41,171.3333333
SW_S19S.0055_U_1,-117.181,851.5527191,3.58,720,0.437703765,0.035003585,0.281422059,6.76398E-06,0,529,8.7458334,24,35,41,171.3333333
SW_S19S.0055_U_2,-117.181,851.5527191,2.44,720,0.437703765,0.035003585,0.281422059,6.76398E-06,0,529,8.7458334,24,35,41,171.3333333
SW_S19S.0087_U_2,-116.774446,90.76776134,1.45,1490,0.000503735,0.150710266,0.841179603,0.000654855,0,370,6.91666651,24,35,41,181.4166667
SW_S19S.0087_U_3,-116.774446,90.76776134,1.46,1490,0.000503735,0.150710266,0.841179603,0.000654855,0,370,6.91666651,24,35,41,181.4166667
SW_S19S.0087_U_1,-116.774446,90.76776134,2.16,1490,0.000503735,0.150710266,0.841179603,0.000654855,0,370,6.91666651,24,35,41,181.4166667
SW_S19S.0085_U_2,-115.9897222,1903.595733,1.57,947,0.000293734,0.319597083,0.670107894,0,0,468,9.08333302,24,58,18,185.8333333
SW_S19S.0085_U_3,-115.9897222,1903.595733,0.87,947,0.000293734,0.319597083,0.670107894,0,0,468,9.08333302,24,58,18,185.8333333
SW_S19S.0097_U_1,-111.886928,2504.440919,0.58,1350,0.174882355,0.047472048,0.591499454,0.000127998,0,459,8.33749962,21,34,45,191
SW_S19S.0097_U_2,-111.886928,2504.440919,1.16,1350,0.174882355,0.047472048,0.591499454,0.000127998,0,459,8.33749962,21,34,45,191
SW_S19S.0086_U_3,-111.8053,33.6161669,0.77,1663,0.042150827,0.324459868,0.482047838,0.000514945,0,567,8.80416679,21,34,45,186.3333333
SW_S19S.0086_U_2,-111.8053,33.6161669,0.74,1663,0.042150827,0.324459868,0.482047838,0.000514945,0,567,8.80416679,21,34,45,186.3333333
SW_S19S.0029_U_3,-111.795706,29.82006937,0.81,1726,0.049698896,0.354190453,0.507913766,0.000596984,0,565,8.45833302,21,34,45,188.5833333
SW_S19S.0029_U_2,-111.795706,29.82006937,0.73,1726,0.049698896,0.354190453,0.507913766,0.000596984,0,565,8.45833302,21,34,45,188.5833333
SW_S19S.0098_U_2,-111.580553,137.1877853,0.73,2108,0.000183293,0.452571227,0.509457894,0.033344575,0,413,3.26666665,24,35,41,180.1666667
SW_S19S.0098_U_3,-111.580553,137.1877853,0.94,2108,0.000183293,0.452571227,0.509457894,0.033344575,0,413,3.26666665,24,35,41,180.1666667
SW_S19S.0098_U_1,-111.580553,137.1877853,0.93,2108,0.000183293,0.452571227,0.509457894,0.033344575,0,413,3.26666665,24,35,41,180.1666667
SW_S19S.0009_U_2,-108.375417,20560.12545,3.16,1500,0.018463009,0.010006227,0.573808593,0.000991934,0.000108606,214,7.10416651,24,58,18,187.1666667
SW_S19S.0009_U_1,-108.375417,20560.12545,2.25,1500,0.018463009,0.010006227,0.573808593,0.000991934,0.000108606,214,7.10416651,24,58,18,187.1666667
SW_S19S.0100_U_1,-106.951131,145.1454614,0.55,2772,0.008468324,0.271777887,0.577859404,2.30535E-05,4.6107E-05,511,0.80833334,19,37,44,182.5
SW_S19S.0100_U_3,-106.951131,145.1454614,0.67,2772,0.008468324,0.271777887,0.577859404,2.30535E-05,4.6107E-05,511,0.80833334,19,37,44,182.5
SW_S19S.0062_U_2,-106.949167,8784.410733,1.86,2347,0.012797569,0.037852724,0.803909468,0.005739235,0.000694262,280,3.49166679,22,43,35,198.1666667
SW_S19S.0062_U_3,-106.949167,8784.410733,1.84,2347,0.012797569,0.037852724,0.803909468,0.005739235,0.000694262,280,3.49166679,22,43,35,198.1666667
SW_S19S.0062_U_1,-106.949167,8784.410733,1.4,2347,0.012797569,0.037852724,0.803909468,0.005739235,0.000694262,280,3.49166679,22,43,35,198.1666667
SW_S19S.0027_U_3,-105.911314,9.017472512,1.2,2951,0,0.863189922,0.099871891,2.28767E-05,0.000335524,543,1.14999998,19,37,44,187.1666667
SW_S19S.0027_U_2,-105.911314,9.017472512,1.39,2951,0,0.863189922,0.099871891,2.28767E-05,0.000335524,543,1.14999998,19,37,44,187.1666667
SW_S19S.0027_U_1,-105.911314,9.017472512,1.16,2951,0,0.863189922,0.099871891,2.28767E-05,0.000335524,543,1.14999998,19,37,44,187.1666667
SW_S19S.0026_U_2,-105.54436,4.001624291,3.32,3044,0.000678323,0.778089417,0.194343246,5.33512E-05,0.001661509,553,1.9083333,19,37,44,164.5833333
SW_S19S.0026_U_1,-105.54436,4.001624291,3.75,3044,0.000678323,0.778089417,0.194343246,5.33512E-05,0.001661509,553,1.9083333,19,37,44,164.5833333
SW_S19S.0071_U_2,-105.4585063,6.584658253,2.71,2463,0.000823337,0.662605372,0.296273076,0.003950509,0.000528749,459,4.67083311,19,37,44,176.4166667
SW_S19S.0071_U_3,-105.4585063,6.584658253,2.6,2463,0.000823337,0.662605372,0.296273076,0.003950509,0.000528749,459,4.67083311,19,37,44,176.4166667
SW_S19S.0071_U_1,-105.4585063,6.584658253,2.46,2463,0.000823337,0.662605372,0.296273076,0.003950509,0.000528749,459,4.67083311,19,37,44,176.4166667
SW_S19S.0077_U_1,-105.224214,4773.093112,1.94,1633,0.03640591,0.185817145,0.684947124,0.027278182,0.003067577,392,8.59166622,19,37,44,181.1666667
SW_S19S.0077_U_3,-105.224214,4773.093112,2.09,1633,0.03640591,0.185817145,0.684947124,0.027278182,0.003067577,392,8.59166622,19,37,44,181.1666667
SW_S19S.0023_U_1,-102.44859,4743.671075,3.6,1190,0.019871261,0.000469519,0.966012874,0.000469519,0,430,10.42500019,21,34,45,190.25
SW_S19S.0023_U_2,-102.44859,4743.671075,4.76,1190,0.019871261,0.000469519,0.966012874,0.000469519,0,430,10.42500019,21,34,45,190.25
SW_S19S.0023_U_3,-102.44859,4743.671075,4.97,1190,0.019871261,0.000469519,0.966012874,0.000469519,0,430,10.42500019,21,34,45,190.25
SW_S19S.0025_U_1,-97.7836,69.93006525,1.94,267,0.003157349,0.208253509,0.771963723,0.005426694,0.000205557,842,17.6875,24,47,29,189
SW_S19S.0025_U_2,-97.7836,69.93006525,2.23,267,0.003157349,0.208253509,0.771963723,0.005426694,0.000205557,842,17.6875,24,47,29,189
SW_S19S.0025_U_3,-97.7836,69.93006525,1.34,267,0.003157349,0.208253509,0.771963723,0.005426694,0.000205557,842,17.6875,24,47,29,189
SW_S19S.0063_U_2,-97.68006,139208.2835,1.9,135,0.016650654,0.216255763,0.379007307,0.00501547,0.005623672,834,20.24583244,56,20,24,187.6666667
SW_S19S.0063_U_1,-97.68006,139208.2835,2.18,135,0.016650654,0.216255763,0.379007307,0.00501547,0.005623672,834,20.24583244,56,20,24,187.6666667
SW_S19S.0063_U_3,-97.68006,139208.2835,2.15,135,0.016650654,0.216255763,0.379007307,0.00501547,0.005623672,834,20.24583244,56,20,24,187.6666667
SW_S19S.0040_U_2,-96.584111,7.084205969,0.67,371,0.034984575,0.08883173,0.809330241,0.000122484,0.000214348,893,12.40416622,23,39,38,177.5
SW_S19S.0040_U_3,-96.584111,7.084205969,0.81,371,0.034984575,0.08883173,0.809330241,0.000122484,0.000214348,893,12.40416622,23,39,38,177.5
SW_S19S.0061_U_3,-89.6407,47.27614327,2.59,266,0.284641328,0.432067827,0.265481805,0,0.000173324,824,7.36250019,21,47,32,157.4166667
SW_S19S.0061_U_2,-89.6407,47.27614327,2.35,266,0.284641328,0.432067827,0.265481805,0,0.000173324,824,7.36250019,21,47,32,157.4166667
SW_S19S.0061_U_1,-89.6407,47.27614327,3,266,0.284641328,0.432067827,0.265481805,0,0.000173324,824,7.36250019,21,47,32,157.4166667
SW_S19S.0043_U_2,-89.472,14.02399928,1.84,260,0.495724838,0.128303351,0.296675233,0,0.000598038,823,7.5250001,21,47,32,156.0833333
SW_S19S.0043_U_1,-89.472,14.02399928,1.76,260,0.495724838,0.128303351,0.296675233,0,0.000598038,823,7.5250001,21,47,32,156.0833333
SW_S19S.0043_U_3,-89.472,14.02399928,1.57,260,0.495724838,0.128303351,0.296675233,0,0.000598038,823,7.5250001,21,47,32,156.0833333
SW_S19S.0083_U_3,-88.32222,0.428852498,2.9,219,0.813923936,0.04988195,0.106944674,0,0.00026317,958,10.64166641,24,35,41,161.1666667
SW_S19S.0083_U_1,-88.32222,0.428852498,3.75,219,0.813923936,0.04988195,0.106944674,0,0.00026317,958,10.64166641,24,35,41,161.1666667
SW_S19S.0083_U_2,-88.32222,0.428852498,2.49,219,0.813923936,0.04988195,0.106944674,0,0.00026317,958,10.64166641,24,35,41,161.1666667
SW_S19S.0067_U_1,-85.353889,163.575399,1.77,258,0.092460903,0.635094097,0.262365103,0,0.002347685,898,9.0041666,21,47,32,151.8333333
SW_S19S.0067_U_3,-85.353889,163.575399,2.7,258,0.092460903,0.635094097,0.262365103,0,0.002347685,898,9.0041666,21,47,32,151.8333333
SW_S19S.0067_U_2,-85.353889,163.575399,2.07,258,0.092460903,0.635094097,0.262365103,0,0.002347685,898,9.0041666,21,47,32,151.8333333
SW_S19S.0099_U_2,-84.70277778,16610.44748,0.45,153,0.013026193,0.573316183,0.329833177,0,0.010835672,1055,11.8791666,22,42,36,162.6666667
SW_S19S.0099_U_1,-84.70277778,16610.44748,2.3,153,0.013026193,0.573316183,0.329833177,0,0.010835672,1055,11.8791666,22,42,36,162.6666667
SW_S19S.0099_U_3,-84.70277778,16610.44748,1.62,153,0.013026193,0.573316183,0.329833177,0,0.010835672,1055,11.8791666,22,42,36,162.6666667
SW_S19S.0039_U_2,-84.358178,71.43200063,2.58,239,0.00173798,0.767923912,0.205105514,0,0.003794855,1244,13.91666698,24,49,27,163.8333333
SW_S19S.0039_U_1,-84.358178,71.43200063,3.18,239,0.00173798,0.767923912,0.205105514,0,0.003794855,1244,13.91666698,24,49,27,163.8333333
SW_S19S.0039_U_3,-84.358178,71.43200063,3.33,239,0.00173798,0.767923912,0.205105514,0,0.003794855,1244,13.91666698,24,49,27,163.8333333
SW_S19S.0015_U_1,-84.33889,22027.17882,1.87,39,0.189758806,0.430893618,0.217533986,0.000102021,0.010295605,1332,19.05000114,8,82,10,188.6666667
SW_S19S.0015_U_3,-84.33889,22027.17882,2.03,39,0.189758806,0.430893618,0.217533986,0.000102021,0.010295605,1332,19.05000114,8,82,10,188.6666667
SW_S19S.0015_U_2,-84.33889,22027.17882,2.7,39,0.189758806,0.430893618,0.217533986,0.000102021,0.010295605,1332,19.05000114,8,82,10,188.6666667
SW_S19S.0019_U_3,-84.279151,2.998133232,0.45,292,0.001744305,0.761705657,0.169642246,1.7101E-05,0.014364868,1220,14.01666641,24,49,27,162.9166667
SW_S19S.0019_U_1,-84.279151,2.998133232,0.45,292,0.001744305,0.761705657,0.169642246,1.7101E-05,0.014364868,1220,14.01666641,24,49,27,162.9166667
SW_S19S.0018_U_3,-83.504417,16.11249717,0.86,576,0.000559646,0.944850854,0.031484102,0,0.004421206,1371,12.90416718,24,49,27,174.9166667
SW_S19S.0011_U_3,-83.422778,1482.40976,4.03,171,0.002860038,0.527505393,0.284459371,4.08577E-05,0.011873243,1256,16.69583321,24,49,27,179.5
SW_S19S.0011_U_1,-83.422778,1482.40976,3.83,171,0.002860038,0.527505393,0.284459371,4.08577E-05,0.011873243,1256,16.69583321,24,49,27,179.5
SW_S19S.0011_U_2,-83.422778,1482.40976,2.64,171,0.002860038,0.527505393,0.284459371,4.08577E-05,0.011873243,1256,16.69583321,24,49,27,179.5
SW_S19S.0010_U_2,-81.827892,50274.33601,2.26,12,0.009652053,0.779475581,0.14158974,0.002244256,0.028105796,1264,19.36666679,10,76,14,185
SW_S19S.0010_U_1,-81.827892,50274.33601,2.52,12,0.009652053,0.779475581,0.14158974,0.002244256,0.028105796,1264,19.36666679,10,76,14,185
SW_S19S.0010_U_3,-81.827892,50274.33601,2.04,12,0.009652053,0.779475581,0.14158974,0.002244256,0.028105796,1264,19.36666679,10,76,14,185
SW_S19S.0057_U_3,-81.718207,44.55333789,0.56,79,0.008111173,0.874946583,0.100276125,3.2872E-05,0.000821801,1178,17.39583397,23,47,30,182.0833333
SW_S19S.0057_U_1,-81.718207,44.55333789,4.13,79,0.008111173,0.874946583,0.100276125,3.2872E-05,0.000821801,1178,17.39583397,23,47,30,182.0833333
SW_S19S.0057_U_2,-81.718207,44.55333789,4.05,79,0.008111173,0.874946583,0.100276125,3.2872E-05,0.000821801,1178,17.39583397,23,47,30,182.0833333
SW_S19S.0042_U_3,-81.0367,3.466897725,12.99,10,0,0.833130681,0.032984,0.05051821,0.083367109,1246,24.03333282,10,75,15,200.0833333
SW_S19S.0042_U_2,-81.0367,3.466897725,12.17,10,0,0.833130681,0.032984,0.05051821,0.083367109,1246,24.03333282,10,75,15,200.0833333
SW_S19S.0042_U_1,-81.0367,3.466897725,15.06,10,0,0.833130681,0.032984,0.05051821,0.083367109,1246,24.03333282,10,75,15,200.0833333
SW_S19S.0089_U_3,-80.44511,21.57240811,1.16,603,0.023162783,0.39813631,0.472958451,0,0.00141973,992,11.53333378,24,49,27,167.25
SW_S19S.0089_U_2,-80.44511,21.57240811,2.37,603,0.023162783,0.39813631,0.472958451,0,0.00141973,992,11.53333378,24,49,27,167.25
SW_S19S.0089_U_1,-80.44511,21.57240811,1.59,603,0.023162783,0.39813631,0.472958451,0,0.00141973,992,11.53333378,24,49,27,167.25
SW_S19S.0044_U_2,-79.810873,299.8962847,12.83,5,0.002584897,0.958278277,0.030176401,9.0843E-05,0.008630087,1286,17.84166718,23,34,43,177.75
SW_S19S.0044_U_3,-79.810873,299.8962847,13.02,5,0.002584897,0.958278277,0.030176401,9.0843E-05,0.008630087,1286,17.84166718,23,34,43,177.75
SW_S19S.0044_U_1,-79.810873,299.8962847,13.43,5,0.002584897,0.958278277,0.030176401,9.0843E-05,0.008630087,1286,17.84166718,23,34,43,177.75
SW_S19S.0064_U_3,-78.007269,215.7484823,1.52,213,0.112825501,0.601758456,0.283231069,0,2.24484E-05,968,10.09166622,20,41,39,150.75
SW_S19S.0064_U_2,-78.007269,215.7484823,1.18,213,0.112825501,0.601758456,0.283231069,0,2.24484E-05,968,10.09166622,20,41,39,150.75
SW_S19S.0064_U_1,-78.007269,215.7484823,1.34,213,0.112825501,0.601758456,0.283231069,0,2.24484E-05,968,10.09166622,20,41,39,150.75
SW_S19S.0054_U_1,-77.02345,5756.551391,5.4,1,0.158813126,0.690148491,0.100336205,0.000148841,0.046946137,1111,14.4958334,23,47,30,170.5
SW_S19S.0054_U_2,-77.02345,5756.551391,3.61,1,0.158813126,0.690148491,0.100336205,0.000148841,0.046946137,1111,14.4958334,23,47,30,170.5
SW_S19S.0054_U_3,-77.02345,5756.551391,3.88,1,0.158813126,0.690148491,0.100336205,0.000148841,0.046946137,1111,14.4958334,23,47,30,170.5
SW_S19S.0006_U_2,-76.71666667,24.93588575,1.62,111,0.00207556,0.284969744,0.290715686,0,0.002998878,1143,12.89166641,24,49,27,163.75
SW_S19S.0006_U_3,-76.71666667,24.93588575,1.52,111,0.00207556,0.284969744,0.290715686,0,0.002998878,1143,12.89166641,24,49,27,163.75
SW_S19S.0006_U_1,-76.71666667,24.93588575,1.43,111,0.00207556,0.284969744,0.290715686,0,0.002998878,1143,12.89166641,24,49,27,163.75
SW_S19S.0038_U_1,-75.78334808,19.21974031,0.96,119,0.135562048,0.331014804,0.496541128,0,0.001922436,1180,11.34166622,24,49,27,165.0833333
SW_S19S.0037_U_2,-75.78334808,19.21974031,0.98,119,0.135562048,0.331014804,0.496541128,0,0.001922436,1180,11.34166622,24,49,27,165.0833333
SW_S19S.0037_U_1,-75.78334808,19.21974031,0.87,119,0.135562048,0.331014804,0.496541128,0,0.001922436,1180,11.34166622,24,49,27,165.0833333
SW_S19S.0038_U_3,-75.78334808,19.21974031,0.69,119,0.135562048,0.331014804,0.496541128,0,0.001922436,1180,11.34166622,24,49,27,165.0833333
SW_S19S.0038_U_2,-75.78334808,19.21974031,0.8,119,0.135562048,0.331014804,0.496541128,0,0.001922436,1180,11.34166622,24,49,27,165.0833333
SpringBranch_01122021.csv,-75.501,20.12212206,1.49121835,8,0.466440425,0.281398762,0.217083039,1.55314E-05,0.020113224,1137,13,10,81,9,167.0833333
SpringBranch_05262021.csv,-75.501,20.12212206,1.448682422,8,0.466440425,0.281398762,0.217083039,1.55314E-05,0.020113224,1137,13,10,81,9,167.0833333
SpringBranch_08232021.csv,-75.501,20.12212206,2.03729937,8,0.466440425,0.281398762,0.217083039,1.55314E-05,0.020113224,1137,13,10,81,9,167.0833333
SpringBranch_08052021.csv,-75.501,20.12212206,0.542531692,8,0.466440425,0.281398762,0.217083039,1.55314E-05,0.020113224,1137,13,10,81,9,167.0833333
SpringBranch_11212019.csv,-75.501,20.12212206,1.205894597,8,0.466440425,0.281398762,0.217083039,1.55314E-05,0.020113224,1137,13,10,81,9,167.0833333
MarketSt_01122021.csv,-75.462,278.6932082,4.175223666,1,0.482796455,0.255190425,0.213334776,4.63603E-05,0.031045966,1132,13.01249981,23,34,43,166.25
MarketSt_08232021.csv,-75.462,278.6932082,5.218161044,1,0.482796455,0.255190425,0.213334776,4.63603E-05,0.031045966,1132,13.01249981,23,34,43,166.25
MarketSt_05262021.csv,-75.462,278.6932082,3.60234653,1,0.482796455,0.255190425,0.213334776,4.63603E-05,0.031045966,1132,13.01249981,23,34,43,166.25
MarketSt_08052021.csv,-75.462,278.6932082,4.645403492,1,0.482796455,0.255190425,0.213334776,4.63603E-05,0.031045966,1132,13.01249981,23,34,43,166.25
MarketSt_11212019.csv,-75.462,278.6932082,3.34693198,1,0.482796455,0.255190425,0.213334776,4.63603E-05,0.031045966,1132,13.01249981,23,34,43,166.25
NC_t0.csv,-74.77449,5604.486826,1.616,101,0.155189514,0.400158694,0.430413413,0,0.000786123,1017,7.9041667,21,47,32,156.75
OC_t0.csv,-74.62117,8311.75275,1.48,100,0.184153313,0.306641583,0.484799684,0,0.000578293,1019,8.07083321,21,47,32,159.3333333
CC_t0.csv,-74.50519,64.96842947,4.23,432,0.000475208,0.956600187,0.040400065,0,0.001388497,1177,6.13333321,4,85,11,149.6666667
MK_t0.csv,-74.014,15108.71463,2.658,67,0.014124628,0.726696953,0.202472735,0,0.000207171,997,8.44999981,20,41,39,159.5
HLP_t0.csv,-73.67,23184.68312,3.937,15,0.077116992,0.568978621,0.311395225,0,0.000775083,956,8.80000019,21,47,32,161.6666667
WC_t0.csv,-73.524,116.1866422,2.955,104,0.216552915,0.450728232,0.327554297,0,0.00030724,971,7.98333359,21,47,32,162.4166667
SW_S19S.0012_U_1,-72.330656,25.05508767,1.41,229,0.001763407,0.945909825,0.038033895,0,0.001178698,1123,7.54583311,5,85,10,154.9166667
SW_S19S.0012_U_2,-72.330656,25.05508767,2.02,229,0.001763407,0.945909825,0.038033895,0,0.001178698,1123,7.54583311,5,85,10,154.9166667
SW_S19S.0012_U_3,-72.330656,25.05508767,2.07,229,0.001763407,0.945909825,0.038033895,0,0.001178698,1123,7.54583311,5,85,10,154.9166667
SW_S19S.0084_U_2,-71.7223,1.398692505,2.15,532,0.001545243,0.937606369,0.054987859,1.42419E-05,0.000868754,1169,5.30000019,4,85,11,147.8333333
SW_S19S.0084_U_3,-71.7223,1.398692505,1.36,532,0.001545243,0.937606369,0.054987859,1.42419E-05,0.000868754,1169,5.30000019,4,85,11,147.8333333
SW_S19S.0084_U_1,-71.7223,1.398692505,1.77,532,0.001545243,0.937606369,0.054987859,1.42419E-05,0.000868754,1169,5.30000019,4,85,11,147.8333333
SW_S19S.0072_U_3,-71.184828,0.864048681,3.86,45,0.002042156,0.598008898,0.209087594,4.37605E-05,0.000335497,1142,9.47083282,13,49,38,157.75
SW_S19S.0072_U_1,-71.184828,0.864048681,2.56,45,0.002042156,0.598008898,0.209087594,4.37605E-05,0.000335497,1142,9.47083282,13,49,38,157.75
SW_S19S.0072_U_2,-71.184828,0.864048681,3.58,45,0.002042156,0.598008898,0.209087594,4.37605E-05,0.000335497,1142,9.47083282,13,49,38,157.75
SW_S19S.0073_U_1,-70.916793,3.809981204,6.36,16,0.005455521,0.717040784,0.250998096,0,0.002735113,1093,9.07916641,13,49,38,161.6666667
SW_S19S.0073_U_2,-70.916793,3.809981204,6.6,16,0.005455521,0.717040784,0.250998096,0,0.002735113,1093,9.07916641,13,49,38,161.6666667
SW_S19S.0073_U_3,-70.916793,3.809981204,7.06,16,0.005455521,0.717040784,0.250998096,0,0.002735113,1093,9.07916641,13,49,38,161.6666667
R391,-67.4732,118.1032721,5.61,421,0,0.938530195,0.047977072,0,0.012916904,1137,-1.04999995,9,73,18,117.25
R392,-67.4422,3.337409152,9.05,548,0,0.938237942,0.049889757,0,0.011259116,1166,-1.62916672,9,73,18,117.25
R390,-67.4154,76.67009764,6.56,399,0,0.970175404,0.01407594,0,0.014624697,1125,-1.02083337,9,73,18,115
R389,-67.4032,421.370459,5.94,388,0,0.964484162,0.023495295,0,0.010797446,1130,-1.05416667,9,73,18,115
R399,-67.3406,174.9843555,7.91,152,0,0.942931645,0.045045583,5.30807E-05,0.011657842,1122,0.6541667,4,85,11,122.5
R400,-67.332,195.836913,11.98,146,0,0.949904017,0.037192672,4.61775E-05,0.012487713,1121,0.72916675,4,85,11,122.5
R398,-67.312,256.2483209,8.22,131,0,0.913012073,0.077733206,5.80435E-05,0.009028996,1118,0.90833324,4,85,11,122.5
R397,-67.2237,243.8762644,23.09,166,0,0.914168354,0.07179567,0.000421793,0.013140477,1132,0.99999994,4,85,11,125.25
R367,-67.1129,34.44858869,5.74,470,0,0.923171233,0.062186217,1.55194E-05,0.013843301,1101,-1.49583328,4,85,11,117.5833333
R362,-67.0374,37.28090315,12,136,5.86201E-05,0.924223772,0.062234988,1.954E-05,0.01208225,1125,0.82083344,4,85,11,122.25
R373,-67.0318,8.915294219,4.98,570,0,0.926305254,0.054856312,1.37107E-05,0.017988373,1113,-1.83749998,4,85,11,117
R401,-66.9951,146.95687,2.89,35,0,0.782274317,0.195403649,9.03726E-06,0.009886763,1108,1.56666672,4,85,11,125.1666667
R374,-66.9732,1.809218113,8.24,513,0,0.93918448,0.040598199,0,0.018780845,1107,-1.5916667,4,85,11,119.6666667
R375,-66.9609,3.876655143,3.97,467,0,0.946319732,0.033705049,0,0.01844252,1108,-1.51249993,4,85,11,119.6666667
R376,-66.949,69.60820339,4.77,451,0,0.948837817,0.031940069,0,0.017639629,1103,-1.45000005,4,85,11,119.6666667
R394,-66.8253,20.9138982,5.54,375,0,0.945207103,0.043132452,6.5841E-06,0.010672829,1114,-0.88333333,9,73,18,121.0833333
R372,-66.8068,7.748839599,18.16,404,0,0.906407134,0.078586581,9.16614E-05,0.013965273,1145,-0.82916665,9,73,18,121.5
R393,-66.8033,7.871640567,6.07,423,0,0.946168554,0.04150343,6.68548E-06,0.011405421,1131,-1.16666663,9,73,18,124.3333333
RC09,-66.7882,49.93347387,4.34,395,0,0.872726319,0.107176801,0.000117986,0.01888425,1149,-0.73333329,9,73,18,123.75
R365,-66.7873,50.39335741,25.09,395,0,0.867911213,0.111780503,0.000137218,0.019138662,1149,-0.73333329,9,73,18,123.75
R364,-66.7872,50.39322949,13.63,396,0,0.867931803,0.111803799,0.000137231,0.019101204,1149,-0.73333329,9,73,18,123.75
R363,-66.7806,11.02054605,7.58,417,0,0.906269386,0.078339569,0,0.012485226,1103,-1.00833333,9,73,18,119.5833333
R395,-66.7431,21.85511332,6.87,370,0,0.953899695,0.033434926,0,0.011437897,1121,-0.85833335,9,73,18,123.4166667
RC05,-66.7177,7.996141353,8.59,201,0.000218091,0.646345688,0.335969672,0,0.015670503,1132,0.74166667,4,85,11,126.5833333
RC14,-66.6929,14.28214539,3.86,101,2.04491E-05,0.720386351,0.236179843,2.04491E-05,0.039541668,1113,0.92916673,4,85,11,126.25
RC06,-66.6925,4.301603063,9.74,71,0.000186226,0.704446144,0.270526421,1.99528E-05,0.019553723,1110,1.08749998,4,85,11,126.25
RC20,-66.6023,194.5542534,11.75,73,0.000117074,0.670924689,0.231819394,1.95123E-05,0.083707862,1100,1.13333333,4,85,11,126.25
RC19,-66.3577,113.8107769,10.53,119,9.87628E-05,0.846726671,0.114867757,1.97526E-05,0.022880056,1133,0.85416669,4,85,11,123.3333333
R386,-66.3576,113.8112081,11.03,119,9.21271E-05,0.846206996,0.115125951,1.97415E-05,0.022933063,1133,0.85416669,4,85,11,123.3333333
R387,-66.3087,3.017618376,14.2,126,5.76786E-05,0.756525696,0.199946167,0,0.026589847,1148,0.88749993,4,85,11,123.3333333
R377,-66.1754,28.81051732,26.15,95,0,0.776907408,0.207118109,0,0.014749707,1126,0.96249992,4,85,11,128.4166667
R378,-66.1639,4.810930686,56.14,104,0,0.7710951,0.212675122,0,0.015513855,1121,0.93333328,4,85,11,128.4166667
RC24,-66.0784,77.77689749,4.05,30,4.15795E-05,0.753239733,0.221757148,6.92991E-06,0.01090075,1088,1.17916656,4,85,11,126.75
R379,-66.0777,77.7767503,5.01,27,4.15947E-05,0.751977483,0.222372425,6.93246E-06,0.011098864,1088,1.17916656,4,85,11,126.75
R384,-66.0418,49332.31374,1.23,7,5.53999E-05,0.725034427,0.241860171,7.91427E-06,0.013770834,1076,1.26250005,4,85,11,126.75
R383,-66.0357,49341.64741,1.29,6,5.81043E-05,0.709694288,0.255783454,8.30062E-06,0.013687714,1073,1.26250005,4,85,11,126.75
SW_S19S.0094_U_1,-65.7855,4.422811711,1.24,633,0.00420172,0.966693684,0.023011636,0.003577518,9.31645E-06,2048,21.37916756,7,78,15,237.1666667
SW_S19S.0094_U_2,-65.7855,4.422811711,0.8,633,0.00420172,0.966693684,0.023011636,0.003577518,9.31645E-06,2048,21.37916756,7,78,15,237.1666667
SW_S19S.0094_U_3,-65.7855,4.422811711,1.09,633,0.00420172,0.966693684,0.023011636,0.003577518,9.31645E-06,2048,21.37916756,7,78,15,237.1666667
PON,-5.167,5.719503372,0.33,1146,0.017035395,0.644279072,0.318181164,0.000410231,0.000208714,881,9.4416666,19,37,44,154.3333333
SLA,-5.045,75.24323893,0.4495,613,0.010345274,0.623776133,0.358700973,0.001706214,0.000158383,783,11.09583378,20,49,31,154.1666667
AR1,-4.955,46.09275726,0.3345,1052,0.026202257,0.484893009,0.38816505,0.000504167,0.001267619,879,8.92083359,23,41,36,162.6666667
CAS,-4.913,70.63331969,0.894,341,0.0344251,0.449980624,0.49514159,0.000889871,6.45874E-05,848,11.74166679,19,37,44,137.5833333
CAB,-4.908,50.46523859,0.3295,1020,0.058755544,0.378963868,0.39801933,0.003199988,0.007880784,880,8.6875,23,41,36,162.6666667
VAL,-4.885,330.6624712,0.496,1261,0.013124306,0.340575739,0.579452529,0.036026941,0.000944662,830,8.58749962,23,41,36,174.8333333
YUS,-4.861,60.61725287,0.631,1318,0.039639834,0.230750945,0.646807131,0.027221322,0.002290654,953,7.7166667,20,49,31,166.25
AR2,-4.844,3.419760129,0.2915,1671,0.05071168,0.301623812,0.446786265,0.000793159,0.003352898,1162,6.02083349,23,41,36,166.25
BUL,-4.827,504.4763024,0.9355,526,0.107706572,0.392415617,0.430948479,0.006382612,0.005088839,826,11.66666698,24,42,34,137.75
SEC,-4.72,17.79285773,0.3695,722,0.061556848,0.329354337,0.480409803,0.002181488,0.003283032,833,10.3125,19,37,44,146.0833333
FR2,-4.684,13.87953652,0.6015,1691,0.04681767,0.272152082,0.51075463,0.006023748,0.003914714,1127,6.1833334,23,41,36,161.9166667
CAR,-4.646,166.4904387,1.105,1353,0.032441769,0.190365033,0.697855765,0.014706839,0.001141858,874,7.7208333,19,37,44,178.5
CIC,-4.557,24.07999909,0.5325,450,0.021902005,0.427265087,0.523011831,0.004855938,0.001170884,839,11.72083378,23,41,36,144.1666667
BU3,-4.511,46.61086634,0.6805,715,0.01540589,0.711753563,0.26649525,0.004472678,3.60119E-05,779,10.57083321,23,41,36,160.3333333
LAM,-4.468,49.76678109,0.8815,565,0.001939822,0.530462396,0.465162227,0.001300399,0,850,11.72916698,23,41,36,143.6666667
NAN,-4.433,54.47610426,2.727,984,0.00446332,0.565500483,0.42642372,0.000461474,0.000685001,822,9.94999981,23,41,36,155.8333333
PIS,-4.426,70.70340764,1.3575,1235,0.042078315,0.293372755,0.635970289,0.009288238,7.21137E-05,863,8.32499981,23,41,36,171.4166667
BAY,-4.204,23.87986605,0.697,318,0.000359164,0.776614085,0.221748125,0.000653679,0,896,12.54583359,23,41,36,142.9166667
LLA,-4.123,78.19984002,0.471,370,0.001358686,0.664835915,0.329592754,0.000963301,0,895,12.73333359,23,41,36,140.5
MIE,-3.697,159.028504,0.579,246,0.028398978,0.396336912,0.546671356,0.00448556,4.30614E-05,1097,12.89166641,24,42,34,136.8333333
HIJ,-3.929,47.63071974,2.2285,819,0.012120599,0.601305962,0.384912093,0.001184612,0,754,10.66666698,23,41,36,167.4166667
PAS,-3.819,180.7473127,0.608,372,0.001546206,0.536699029,0.460668824,0.00021575,0,960,12.6916666,23,41,36,141.1666667
SW_S19S.0093_U_2,-2.30542,15.36236638,10.83,97,0.31938905,0.119001642,0.551057853,0,0.000120313,727,8.99166679,19,37,44,108.8333333
SW_S19S.0093_U_3,-2.30542,15.36236638,8.47,97,0.31938905,0.119001642,0.551057853,0,0.000120313,727,8.99166679,19,37,44,108.8333333
SW_S19S.0093_U_1,-2.30542,15.36236638,11.09,97,0.31938905,0.119001642,0.551057853,0,0.000120313,727,8.99166679,19,37,44,108.8333333
SW_S19S.0096_U_1,7.806111,1698.395153,0.89,212,0.505133798,0.195487259,0.202198016,0,0.000291772,778,11.96249962,9,77,14,161.3333333
SW_S19S.0096_U_2,7.806111,1698.395153,0.88,212,0.505133798,0.195487259,0.202198016,0,0.000291772,778,11.96249962,9,77,14,161.3333333
a12547,13.411533,44.04857416,6.6,791,0.00222499,0.797999455,0.194955825,1.29737E-05,7.78422E-05,1208,6.13333321,40,20,40,127.25
a12579,13.411533,44.04857416,4.1,791,0.00222499,0.797999455,0.194955825,1.29737E-05,7.78422E-05,1208,6.13333321,40,20,40,127.25
a12668,13.411533,44.04857416,4.7,791,0.00222499,0.797999455,0.194955825,1.29737E-05,7.78422E-05,1208,6.13333321,40,20,40,127.25
a12682,13.411533,44.04857416,3.4,791,0.00222499,0.797999455,0.194955825,1.29737E-05,7.78422E-05,1208,6.13333321,40,20,40,127.25
a12693,13.411533,44.04857416,5.3,791,0.00222499,0.797999455,0.194955825,1.29737E-05,7.78422E-05,1208,6.13333321,40,20,40,127.25
a12842,13.411533,44.04857416,2.2,791,0.00222499,0.797999455,0.194955825,1.29737E-05,7.78422E-05,1208,6.13333321,40,20,40,127.25
a12854,13.411533,44.04857416,4,791,0.00222499,0.797999455,0.194955825,1.29737E-05,7.78422E-05,1208,6.13333321,40,20,40,127.25
a12869,13.411533,44.04857416,2.5,791,0.00222499,0.797999455,0.194955825,1.29737E-05,7.78422E-05,1208,6.13333321,40,20,40,127.25
a12879,13.411533,44.04857416,4.8,791,0.00222499,0.797999455,0.194955825,1.29737E-05,7.78422E-05,1208,6.13333321,40,20,40,127.25
a12894,13.411533,44.04857416,4.5,791,0.00222499,0.797999455,0.194955825,1.29737E-05,7.78422E-05,1208,6.13333321,40,20,40,127.25
a13033,13.411533,44.04857416,1.6,791,0.00222499,0.797999455,0.194955825,1.29737E-05,7.78422E-05,1208,6.13333321,40,20,40,127.25
a12556,13.411567,25.08621293,0.3,798,0.000940459,0.789629005,0.206297834,1.29719E-05,7.78311E-05,1219,6.05416679,20,42,38,127.25
a11967,13.412067,45.79094713,2.6,785,0.002361321,0.801285752,0.191111313,1.29743E-05,7.78457E-05,1208,6.13333321,40,20,40,127.25
a12546,13.412067,45.79094713,5.3,785,0.002361321,0.801285752,0.191111313,1.29743E-05,7.78457E-05,1208,6.13333321,40,20,40,127.25
a12578,13.412067,45.79094713,3.8,785,0.002361321,0.801285752,0.191111313,1.29743E-05,7.78457E-05,1208,6.13333321,40,20,40,127.25
a12655,13.412067,45.79094713,1.8,785,0.002361321,0.801285752,0.191111313,1.29743E-05,7.78457E-05,1208,6.13333321,40,20,40,127.25
a12667,13.412067,45.79094713,4.6,785,0.002361321,0.801285752,0.191111313,1.29743E-05,7.78457E-05,1208,6.13333321,40,20,40,127.25
a12679,13.412067,45.79094713,3.2,785,0.002361321,0.801285752,0.191111313,1.29743E-05,7.78457E-05,1208,6.13333321,40,20,40,127.25
a12691,13.412067,45.79094713,5.4,785,0.002361321,0.801285752,0.191111313,1.29743E-05,7.78457E-05,1208,6.13333321,40,20,40,127.25
a12841,13.412067,45.79094713,2.8,785,0.002361321,0.801285752,0.191111313,1.29743E-05,7.78457E-05,1208,6.13333321,40,20,40,127.25
a12853,13.412067,45.79094713,3.2,785,0.002361321,0.801285752,0.191111313,1.29743E-05,7.78457E-05,1208,6.13333321,40,20,40,127.25
a12878,13.412067,45.79094713,4.7,785,0.002361321,0.801285752,0.191111313,1.29743E-05,7.78457E-05,1208,6.13333321,40,20,40,127.25
a12893,13.412067,45.79094713,4.5,785,0.002361321,0.801285752,0.191111313,1.29743E-05,7.78457E-05,1208,6.13333321,40,20,40,127.25
a12877,13.412233,43.91733489,10.2,790,0.001576233,0.793150196,0.201316771,1.29731E-05,7.78387E-05,1219,6.05416679,20,42,38,127.25
a12889,13.412233,43.91733489,25.2,790,0.00124537,0.791763691,0.203293745,1.29726E-05,7.78357E-05,1219,6.05416679,20,42,38,127.25
a12548,13.412367,43.98291071,5.4,788,0.001783815,0.79359643,0.200526712,1.29732E-05,7.78392E-05,1208,6.13333321,40,20,40,127.25
a12580,13.412367,43.98291071,4.1,788,0.001783815,0.79359643,0.200526712,1.29732E-05,7.78392E-05,1208,6.13333321,40,20,40,127.25
a12657,13.412367,43.98291071,1.8,788,0.001783815,0.79359643,0.200526712,1.29732E-05,7.78392E-05,1208,6.13333321,40,20,40,127.25
a12683,13.412367,43.98291071,3.2,788,0.001783815,0.79359643,0.200526712,1.29732E-05,7.78392E-05,1208,6.13333321,40,20,40,127.25
a12694,13.412367,43.98291071,4.9,788,0.001783815,0.79359643,0.200526712,1.29732E-05,7.78392E-05,1208,6.13333321,40,20,40,127.25
a12843,13.412367,43.98291071,2.2,788,0.001783815,0.79359643,0.200526712,1.29732E-05,7.78392E-05,1208,6.13333321,40,20,40,127.25
a12855,13.412367,43.98291071,3.3,788,0.001783815,0.79359643,0.200526712,1.29732E-05,7.78392E-05,1208,6.13333321,40,20,40,127.25
a12870,13.412367,43.98291071,2.3,788,0.001783815,0.79359643,0.200526712,1.29732E-05,7.78392E-05,1208,6.13333321,40,20,40,127.25
a12880,13.412367,43.98291071,5.1,788,0.001783815,0.79359643,0.200526712,1.29732E-05,7.78392E-05,1208,6.13333321,40,20,40,127.25
a12895,13.412367,43.98291071,4.3,788,0.001783815,0.79359643,0.200526712,1.29732E-05,7.78392E-05,1208,6.13333321,40,20,40,127.25
a13032,13.412367,43.98291071,4.6,788,0.001783815,0.79359643,0.200526712,1.29732E-05,7.78392E-05,1208,6.13333321,40,20,40,127.25
a12549,13.417417,4.889048188,4.8,818,0.000265907,0.759567803,0.239705816,0,7.78266E-05,1230,6.0291667,20,42,38,127.25
a12581,13.417417,4.889048188,3.9,818,0.000265907,0.759567803,0.239705816,0,7.78266E-05,1230,6.0291667,20,42,38,127.25
a12658,13.417417,4.889048188,2,818,0.000265907,0.759567803,0.239705816,0,7.78266E-05,1230,6.0291667,20,42,38,127.25
a12670,13.417417,4.889048188,3.6,818,0.000265907,0.759567803,0.239705816,0,7.78266E-05,1230,6.0291667,20,42,38,127.25
a12684,13.417417,4.889048188,2.8,818,0.000265907,0.759567803,0.239705816,0,7.78266E-05,1230,6.0291667,20,42,38,127.25
a12695,13.417417,4.889048188,3.6,818,0.000265907,0.759567803,0.239705816,0,7.78266E-05,1230,6.0291667,20,42,38,127.25
a12844,13.417417,4.889048188,3.3,818,0.000265907,0.759567803,0.239705816,0,7.78266E-05,1230,6.0291667,20,42,38,127.25
a12856,13.417417,4.889048188,3.2,818,0.000265907,0.759567803,0.239705816,0,7.78266E-05,1230,6.0291667,20,42,38,127.25
a12871,13.417417,4.889048188,2.3,818,0.000265907,0.759567803,0.239705816,0,7.78266E-05,1230,6.0291667,20,42,38,127.25
a12881,13.417417,4.889048188,4.6,818,0.000265907,0.759567803,0.239705816,0,7.78266E-05,1230,6.0291667,20,42,38,127.25
a12896,13.417417,4.889048188,3.6,818,0.000265907,0.759567803,0.239705816,0,7.78266E-05,1230,6.0291667,20,42,38,127.25
a12661,13.420567,4.823490346,1.9,826,9.07935E-05,0.744818283,0.254695323,0,7.7823E-05,1283,5.7750001,20,42,38,117.25
a12671,13.420567,4.823490346,3.5,826,9.07935E-05,0.744818283,0.254695323,0,7.7823E-05,1283,5.7750001,20,42,38,117.25
a12685,13.420567,4.823490346,2.6,826,9.07935E-05,0.744818283,0.254695323,0,7.7823E-05,1283,5.7750001,20,42,38,117.25
a12696,13.420567,4.823490346,3.2,826,9.07935E-05,0.744818283,0.254695323,0,7.7823E-05,1283,5.7750001,20,42,38,117.25
a12845,13.420567,4.823490346,2.5,826,9.07935E-05,0.744818283,0.254695323,0,7.7823E-05,1283,5.7750001,20,42,38,117.25
a12857,13.420567,4.823490346,3.1,826,9.07935E-05,0.744818283,0.254695323,0,7.7823E-05,1283,5.7750001,20,42,38,117.25
a12882,13.420567,4.823490346,4.7,826,9.07935E-05,0.744818283,0.254695323,0,7.7823E-05,1283,5.7750001,20,42,38,117.25
a12897,13.420567,4.823490346,3.8,826,9.07935E-05,0.744818283,0.254695323,0,7.7823E-05,1283,5.7750001,20,42,38,117.25
a12950,13.420567,4.823490346,4.9,826,9.07935E-05,0.744818283,0.254695323,0,7.7823E-05,1283,5.7750001,20,42,38,117.25
a13028,13.420567,4.823490346,3.9,826,9.07935E-05,0.744818283,0.254695323,0,7.7823E-05,1283,5.7750001,20,42,38,117.25
a13031,13.420567,4.823490346,2.2,826,9.07935E-05,0.744818283,0.254695323,0,7.7823E-05,1283,5.7750001,20,42,38,117.25
a12550,13.42425,4.404206084,4.6,869,9.07906E-05,0.730423279,0.269116283,0,7.78205E-05,1283,5.7750001,20,42,38,117.25
a12584,13.42425,4.404206084,3.9,869,9.07906E-05,0.730423279,0.269116283,0,7.78205E-05,1283,5.7750001,20,42,38,117.25
a12662,13.42425,4.404206084,2,869,9.07906E-05,0.730423279,0.269116283,0,7.78205E-05,1283,5.7750001,20,42,38,117.25
a12672,13.42425,4.404206084,3.6,869,9.07906E-05,0.730423279,0.269116283,0,7.78205E-05,1283,5.7750001,20,42,38,117.25
a12686,13.42425,4.404206084,2.5,869,9.07906E-05,0.730423279,0.269116283,0,7.78205E-05,1283,5.7750001,20,42,38,117.25
a12697,13.42425,4.404206084,3,869,9.07906E-05,0.730423279,0.269116283,0,7.78205E-05,1283,5.7750001,20,42,38,117.25
a12846,13.42425,4.404206084,3,869,9.07906E-05,0.730423279,0.269116283,0,7.78205E-05,1283,5.7750001,20,42,38,117.25
a12858,13.42425,4.404206084,3,869,9.07906E-05,0.730423279,0.269116283,0,7.78205E-05,1283,5.7750001,20,42,38,117.25
a12873,13.42425,4.404206084,2.6,869,9.07906E-05,0.730423279,0.269116283,0,7.78205E-05,1283,5.7750001,20,42,38,117.25
a12883,13.42425,4.404206084,4.8,869,9.07906E-05,0.730423279,0.269116283,0,7.78205E-05,1283,5.7750001,20,42,38,117.25
a12898,13.42425,4.404206084,3.5,869,9.07906E-05,0.730423279,0.269116283,0,7.78205E-05,1283,5.7750001,20,42,38,117.25
a12551,13.426217,4.338662398,4.7,888,8.43023E-05,0.715570629,0.283975436,0,7.78175E-05,1301,5.70416689,20,42,38,117.25
a12585,13.426217,4.338662398,3.2,888,8.43023E-05,0.715570629,0.283975436,0,7.78175E-05,1301,5.70416689,20,42,38,117.25
a12663,13.426217,4.338662398,1.9,888,8.43023E-05,0.715570629,0.283975436,0,7.78175E-05,1301,5.70416689,20,42,38,117.25
a12673,13.426217,4.338662398,4,888,8.43023E-05,0.715570629,0.283975436,0,7.78175E-05,1301,5.70416689,20,42,38,117.25
a12687,13.426217,4.338662398,2.8,888,8.43023E-05,0.715570629,0.283975436,0,7.78175E-05,1301,5.70416689,20,42,38,117.25
a12698,13.426217,4.338662398,3.4,888,8.43023E-05,0.715570629,0.283975436,0,7.78175E-05,1301,5.70416689,20,42,38,117.25
a12859,13.426217,4.338662398,3.9,888,8.43023E-05,0.715570629,0.283975436,0,7.78175E-05,1301,5.70416689,20,42,38,117.25
a12874,13.426217,4.338662398,2.7,888,8.43023E-05,0.715570629,0.283975436,0,7.78175E-05,1301,5.70416689,20,42,38,117.25
a12884,13.426217,4.338662398,4.2,888,8.43023E-05,0.715570629,0.283975436,0,7.78175E-05,1301,5.70416689,20,42,38,117.25
a12899,13.426217,4.338662398,3.6,888,8.43023E-05,0.715570629,0.283975436,0,7.78175E-05,1301,5.70416689,20,42,38,117.25
a12553,13.4285,2.713327249,5.1,949,7.78119E-05,0.701215163,0.298337418,0,7.78119E-05,1372,5.07499981,20,42,38,117.25
a12587,13.4285,2.713327249,2.8,949,7.78119E-05,0.701215163,0.298337418,0,7.78119E-05,1372,5.07499981,20,42,38,117.25
a12665,13.4285,2.713327249,1.5,949,7.78119E-05,0.701215163,0.298337418,0,7.78119E-05,1372,5.07499981,20,42,38,117.25
a12674,13.4285,2.713327249,3.9,949,7.78119E-05,0.701215163,0.298337418,0,7.78119E-05,1372,5.07499981,20,42,38,117.25
a12688,13.4285,2.713327249,2.8,949,7.78119E-05,0.701215163,0.298337418,0,7.78119E-05,1372,5.07499981,20,42,38,117.25
a12699,13.4285,2.713327249,3.1,949,7.78119E-05,0.701215163,0.298337418,0,7.78119E-05,1372,5.07499981,20,42,38,117.25
a12848,13.4285,2.713327249,3.3,949,7.78119E-05,0.701215163,0.298337418,0,7.78119E-05,1372,5.07499981,20,42,38,117.25
a12860,13.4285,2.713327249,4.2,949,7.78119E-05,0.701215163,0.298337418,0,7.78119E-05,1372,5.07499981,20,42,38,117.25
a12875,13.4285,2.713327249,2.5,949,7.78119E-05,0.701215163,0.298337418,0,7.78119E-05,1372,5.07499981,20,42,38,117.25
a12886,13.4285,2.713327249,3.7,949,7.78119E-05,0.701215163,0.298337418,0,7.78119E-05,1372,5.07499981,20,42,38,117.25
a12901,13.4285,2.713327249,3,949,7.78119E-05,0.701215163,0.298337418,0,7.78119E-05,1372,5.07499981,20,42,38,117.25
a12588,13.43015,1.913805045,3.9,973,5.83582E-05,0.694922838,0.304649202,0,7.78109E-05,1372,5.07499981,20,42,38,117.25
a12666,13.43015,1.913805045,2.3,973,5.83582E-05,0.694922838,0.304649202,0,7.78109E-05,1372,5.07499981,20,42,38,117.25
a12675,13.43015,1.913805045,4.3,973,5.83582E-05,0.694922838,0.304649202,0,7.78109E-05,1372,5.07499981,20,42,38,117.25
a12689,13.43015,1.913805045,2.8,973,5.83582E-05,0.694922838,0.304649202,0,7.78109E-05,1372,5.07499981,20,42,38,117.25
a12700,13.43015,1.913805045,3.8,973,5.83582E-05,0.694922838,0.304649202,0,7.78109E-05,1372,5.07499981,20,42,38,117.25
a12861,13.43015,1.913805045,3.4,973,5.83582E-05,0.694922838,0.304649202,0,7.78109E-05,1372,5.07499981,20,42,38,117.25
a12876,13.43015,1.913805045,3.9,973,5.83582E-05,0.694922838,0.304649202,0,7.78109E-05,1372,5.07499981,20,42,38,117.25
a12887,13.43015,1.913805045,4.2,973,5.83582E-05,0.694922838,0.304649202,0,7.78109E-05,1372,5.07499981,20,42,38,117.25
a12902,13.43015,1.913805045,3.4,973,5.83582E-05,0.694922838,0.304649202,0,7.78109E-05,1372,5.07499981,20,42,38,117.25
a13029,13.43015,1.913805045,4.1,973,5.83582E-05,0.694922838,0.304649202,0,7.78109E-05,1372,5.07499981,20,42,38,117.25
a13034,13.43015,1.913805045,3.7,973,5.83582E-05,0.694922838,0.304649202,0,7.78109E-05,1372,5.07499981,20,42,38,117.25
SW_S19S.0045_U_3,13.62561,1050.225358,7.48,33,0.079994587,0.391537188,0.190323059,0,0.003473542,561,9.0583334,6,73,21,114
SW_S19S.0045_U_1,13.62561,1050.225358,8.39,33,0.079994587,0.391537188,0.190323059,0,0.003473542,561,9.0583334,6,73,21,114
SW_S19S.0045_U_2,13.62561,1050.225358,6.37,33,0.079994587,0.391537188,0.190323059,0,0.003473542,561,9.0583334,6,73,21,114
KBO.5.17.csv.csv,15.92069,24.51775631,4.98,424,0.006424759,0.977337055,0.014700553,5.8763E-05,0,1635,24.73333359,26,60,14,211.1666667
KOB.1.17.csv.csv,15.92069,24.51775631,2.936,424,0.006424759,0.977337055,0.014700553,5.8763E-05,0,1635,24.73333359,26,60,14,211.1666667
KOB.10.16.csv.csv,15.92069,24.51775631,6.676,424,0.006424759,0.977337055,0.014700553,5.8763E-05,0,1635,24.73333359,26,60,14,211.1666667
KOB.11.16.csv.csv,15.92069,24.51775631,5.086,424,0.006424759,0.977337055,0.014700553,5.8763E-05,0,1635,24.73333359,26,60,14,211.1666667
KOB.12.16.csv.csv,15.92069,24.51775631,4.088,424,0.006424759,0.977337055,0.014700553,5.8763E-05,0,1635,24.73333359,26,60,14,211.1666667
KOB.2.17.csv.csv,15.92069,24.51775631,3.701,424,0.006424759,0.977337055,0.014700553,5.8763E-05,0,1635,24.73333359,26,60,14,211.1666667
KOB.4.16.csv.csv,15.92069,24.51775631,3.35,424,0.006424759,0.977337055,0.014700553,5.8763E-05,0,1635,24.73333359,26,60,14,211.1666667
KOB.5.16.csv.csv,15.92069,24.51775631,4.546,424,0.006424759,0.977337055,0.014700553,5.8763E-05,0,1635,24.73333359,26,60,14,211.1666667
KOB.6.16.csv.csv,15.92069,24.51775631,6.914,424,0.006424759,0.977337055,0.014700553,5.8763E-05,0,1635,24.73333359,26,60,14,211.1666667
KOB.7.16.csv.csv,15.92069,24.51775631,3.732,424,0.006424759,0.977337055,0.014700553,5.8763E-05,0,1635,24.73333359,26,60,14,211.1666667
KOB.8.16.csv.csv,15.92069,24.51775631,5.914,424,0.006424759,0.977337055,0.014700553,5.8763E-05,0,1635,24.73333359,26,60,14,211.1666667
KOB.9.16.csv.csv,15.92069,24.51775631,13.34,424,0.006424759,0.977337055,0.014700553,5.8763E-05,0,1635,24.73333359,26,60,14,211.1666667
PAK.1.17.csv.csv,15.95425,4.166667577,3.919,410,0.036932208,0.941012281,0.018852957,2.93812E-05,9.79374E-06,1642,24.87083435,26,60,14,210.1666667
PAK.10.16.csv.csv,15.95425,4.166667577,5.024,410,0.036932208,0.941012281,0.018852957,2.93812E-05,9.79374E-06,1642,24.87083435,26,60,14,210.1666667
PAK.11.16.csv.csv,15.95425,4.166667577,4.306,410,0.036932208,0.941012281,0.018852957,2.93812E-05,9.79374E-06,1642,24.87083435,26,60,14,210.1666667
PAK.12.16.csv.csv,15.95425,4.166667577,3.346,410,0.036932208,0.941012281,0.018852957,2.93812E-05,9.79374E-06,1642,24.87083435,26,60,14,210.1666667
PAK.2.17.csv.csv,15.95425,4.166667577,3.955,410,0.036932208,0.941012281,0.018852957,2.93812E-05,9.79374E-06,1642,24.87083435,26,60,14,210.1666667
PAK.4.16.csv.csv,15.95425,4.166667577,2.769,410,0.036932208,0.941012281,0.018852957,2.93812E-05,9.79374E-06,1642,24.87083435,26,60,14,210.1666667
PAK.5.16.csv.csv,15.95425,4.166667577,1.87,410,0.036932208,0.941012281,0.018852957,2.93812E-05,9.79374E-06,1642,24.87083435,26,60,14,210.1666667
PAK.5.17.csv.csv,15.95425,4.166667577,9.495,410,0.036932208,0.941012281,0.018852957,2.93812E-05,9.79374E-06,1642,24.87083435,26,60,14,210.1666667
PAK.6.16.csv.csv,15.95425,4.166667577,8.127,410,0.036932208,0.941012281,0.018852957,2.93812E-05,9.79374E-06,1642,24.87083435,26,60,14,210.1666667
PAK.7.16.csv.csv,15.95425,4.166667577,1.64,410,0.036932208,0.941012281,0.018852957,2.93812E-05,9.79374E-06,1642,24.87083435,26,60,14,210.1666667
PAK.8.16.csv.csv,15.95425,4.166667577,6.284,410,0.036932208,0.941012281,0.018852957,2.93812E-05,9.79374E-06,1642,24.87083435,26,60,14,210.1666667
PAK.9.16.csv.csv,15.95425,4.166667577,8.611,410,0.036932208,0.941012281,0.018852957,2.93812E-05,9.79374E-06,1642,24.87083435,26,60,14,210.1666667
MBO.1.17.csv.csv,16.04342,43.3802004,12.83,349,0.048466885,0.747699553,0.129486001,0.000185895,0.0013529,1633,25.23333359,14,77,9,213.1666667
MBO.10.16.csv.csv,16.04342,43.3802004,16.01,349,0.048466885,0.747699553,0.129486001,0.000185895,0.0013529,1633,25.23333359,14,77,9,213.1666667
MBO.11.16.csv.csv,16.04342,43.3802004,13.93,349,0.048466885,0.747699553,0.129486001,0.000185895,0.0013529,1633,25.23333359,14,77,9,213.1666667
MBO.12.16.csv.csv,16.04342,43.3802004,13.24,349,0.048466885,0.747699553,0.129486001,0.000185895,0.0013529,1633,25.23333359,14,77,9,213.1666667
MBO.2.17.csv.csv,16.04342,43.3802004,11.62,349,0.048466885,0.747699553,0.129486001,0.000185895,0.0013529,1633,25.23333359,14,77,9,213.1666667
MBO.3.16.csv.csv,16.04342,43.3802004,15.39,349,0.048466885,0.747699553,0.129486001,0.000185895,0.0013529,1633,25.23333359,14,77,9,213.1666667
MBO.4.16.csv.csv,16.04342,43.3802004,12.11,349,0.048466885,0.747699553,0.129486001,0.000185895,0.0013529,1633,25.23333359,14,77,9,213.1666667
MBO.5.16.csv.csv,16.04342,43.3802004,12.06,349,0.048466885,0.747699553,0.129486001,0.000185895,0.0013529,1633,25.23333359,14,77,9,213.1666667
MBO.5.17.csv.csv,16.04342,43.3802004,9.018,349,0.048466885,0.747699553,0.129486001,0.000185895,0.0013529,1633,25.23333359,14,77,9,213.1666667
MBO.6.16.csv.csv,16.04342,43.3802004,16.21,349,0.048466885,0.747699553,0.129486001,0.000185895,0.0013529,1633,25.23333359,14,77,9,213.1666667
MBO.7.16.csv.csv,16.04342,43.3802004,14.06,349,0.048466885,0.747699553,0.129486001,0.000185895,0.0013529,1633,25.23333359,14,77,9,213.1666667
MBO.8.16.csv.csv,16.04342,43.3802004,15.88,349,0.048466885,0.747699553,0.129486001,0.000185895,0.0013529,1633,25.23333359,14,77,9,213.1666667
MBO.9.16.csv.csv,16.04342,43.3802004,17.97,349,0.048466885,0.747699553,0.129486001,0.000185895,0.0013529,1633,25.23333359,14,77,9,213.1666667
NZA.1.17.csv.csv,16.05528,160506.9801,1.465,333,0.047203265,0.733514747,0.140688443,0.000117847,0.002785485,1662,25.25416756,14,77,9,213.1666667
NZA.10.16.csv.csv,16.05528,160506.9801,5.286,333,0.047203265,0.733514747,0.140688443,0.000117847,0.002785485,1662,25.25416756,14,77,9,213.1666667
NZA.11.16.csv.csv,16.05528,160506.9801,3.936,333,0.047203265,0.733514747,0.140688443,0.000117847,0.002785485,1662,25.25416756,14,77,9,213.1666667
NZA.12.16.csv.csv,16.05528,160506.9801,1.4,333,0.047203265,0.733514747,0.140688443,0.000117847,0.002785485,1662,25.25416756,14,77,9,213.1666667
NZA.2.17.csv.csv,16.05528,160506.9801,1.054,333,0.047203265,0.733514747,0.140688443,0.000117847,0.002785485,1662,25.25416756,14,77,9,213.1666667
NZA.3.16.csv.csv,16.05528,160506.9801,1.869,333,0.047203265,0.733514747,0.140688443,0.000117847,0.002785485,1662,25.25416756,14,77,9,213.1666667
NZA.4.16.csv.csv,16.05528,160506.9801,1.464,333,0.047203265,0.733514747,0.140688443,0.000117847,0.002785485,1662,25.25416756,14,77,9,213.1666667
NZA.5.16.csv.csv,16.05528,160506.9801,1.287,333,0.047203265,0.733514747,0.140688443,0.000117847,0.002785485,1662,25.25416756,14,77,9,213.1666667
NZA.5.17.csv.csv,16.05528,160506.9801,4.3,333,0.047203265,0.733514747,0.140688443,0.000117847,0.002785485,1662,25.25416756,14,77,9,213.1666667
NZA.6.16.csv.csv,16.05528,160506.9801,1.927,333,0.047203265,0.733514747,0.140688443,0.000117847,0.002785485,1662,25.25416756,14,77,9,213.1666667
NZA.7.16.csv.csv,16.05528,160506.9801,1.307,333,0.047203265,0.733514747,0.140688443,0.000117847,0.002785485,1662,25.25416756,14,77,9,213.1666667
NZA.8.16.csv.csv,16.05528,160506.9801,0.8777,333,0.047203265,0.733514747,0.140688443,0.000117847,0.002785485,1662,25.25416756,14,77,9,213.1666667
NZA.9.16.csv.csv,16.05528,160506.9801,2.118,333,0.047203265,0.733514747,0.140688443,0.000117847,0.002785485,1662,25.25416756,14,77,9,213.1666667
BIN.1.17.csv.csv,16.0578,45.78208099,3.355,344,0.038710767,0.758374317,0.126031619,0.000168858,0.002406231,1642,25.26250076,14,77,9,213.1666667
BIN.10.16.csv.csv,16.0578,45.78208099,10.95,344,0.038710767,0.758374317,0.126031619,0.000168858,0.002406231,1642,25.26250076,14,77,9,213.1666667
BIN.11.16.csv.csv,16.0578,45.78208099,6.988,344,0.038710767,0.758374317,0.126031619,0.000168858,0.002406231,1642,25.26250076,14,77,9,213.1666667
BIN.12.16.csv.csv,16.0578,45.78208099,6.343,344,0.038710767,0.758374317,0.126031619,0.000168858,0.002406231,1642,25.26250076,14,77,9,213.1666667
BIN.2.17.csv.csv,16.0578,45.78208099,5.097,344,0.038710767,0.758374317,0.126031619,0.000168858,0.002406231,1642,25.26250076,14,77,9,213.1666667
BIN.3.16.csv.csv,16.0578,45.78208099,8.324,344,0.038710767,0.758374317,0.126031619,0.000168858,0.002406231,1642,25.26250076,14,77,9,213.1666667
BIN.4.16.csv.csv,16.0578,45.78208099,5.761,344,0.038710767,0.758374317,0.126031619,0.000168858,0.002406231,1642,25.26250076,14,77,9,213.1666667
BIN.5.16.csv.csv,16.0578,45.78208099,6.298,344,0.038710767,0.758374317,0.126031619,0.000168858,0.002406231,1642,25.26250076,14,77,9,213.1666667
BIN.5.17.csv.csv,16.0578,45.78208099,7.458,344,0.038710767,0.758374317,0.126031619,0.000168858,0.002406231,1642,25.26250076,14,77,9,213.1666667
BIN.6.16.csv.csv,16.0578,45.78208099,10.54,344,0.038710767,0.758374317,0.126031619,0.000168858,0.002406231,1642,25.26250076,14,77,9,213.1666667
BIN.7.16.csv.csv,16.0578,45.78208099,5.499,344,0.038710767,0.758374317,0.126031619,0.000168858,0.002406231,1642,25.26250076,14,77,9,213.1666667
BIN.8.16.csv.csv,16.0578,45.78208099,11.24,344,0.038710767,0.758374317,0.126031619,0.000168858,0.002406231,1642,25.26250076,14,77,9,213.1666667
BIN.9.16.csv.csv,16.0578,45.78208099,11.82,344,0.038710767,0.758374317,0.126031619,0.000168858,0.002406231,1642,25.26250076,14,77,9,213.1666667
GBO.1.17.csv.csv,16.05981,2.5568569,6.568,342,0.04540825,0.741045663,0.135991343,0.00018036,0.002588695,1625,25.23749924,14,77,9,213.1666667
GBO.10.16.csv.csv,16.05981,2.5568569,6.047,342,0.04540825,0.741045663,0.135991343,0.00018036,0.002588695,1625,25.23749924,14,77,9,213.1666667
GBO.11.16.csv.csv,16.05981,2.5568569,4.656,342,0.04540825,0.741045663,0.135991343,0.00018036,0.002588695,1625,25.23749924,14,77,9,213.1666667
GBO.12.16.csv.csv,16.05981,2.5568569,4.755,342,0.04540825,0.741045663,0.135991343,0.00018036,0.002588695,1625,25.23749924,14,77,9,213.1666667
GBO.2.17.csv.csv,16.05981,2.5568569,5.509,342,0.04540825,0.741045663,0.135991343,0.00018036,0.002588695,1625,25.23749924,14,77,9,213.1666667
GBO.3.16.csv.csv,16.05981,2.5568569,10.56,342,0.04540825,0.741045663,0.135991343,0.00018036,0.002588695,1625,25.23749924,14,77,9,213.1666667
GBO.4.16.csv.csv,16.05981,2.5568569,5.904,342,0.04540825,0.741045663,0.135991343,0.00018036,0.002588695,1625,25.23749924,14,77,9,213.1666667
GBO.5.16.csv.csv,16.05981,2.5568569,6.069,342,0.04540825,0.741045663,0.135991343,0.00018036,0.002588695,1625,25.23749924,14,77,9,213.1666667
GBO.5.17.csv.csv,16.05981,2.5568569,7.07,342,0.04540825,0.741045663,0.135991343,0.00018036,0.002588695,1625,25.23749924,14,77,9,213.1666667
GBO.6.16.csv.csv,16.05981,2.5568569,7.915,342,0.04540825,0.741045663,0.135991343,0.00018036,0.002588695,1625,25.23749924,14,77,9,213.1666667
GBO.7.16.csv.csv,16.05981,2.5568569,5.013,342,0.04540825,0.741045663,0.135991343,0.00018036,0.002588695,1625,25.23749924,14,77,9,213.1666667
GBO.8.16.csv.csv,16.05981,2.5568569,9.922,342,0.04540825,0.741045663,0.135991343,0.00018036,0.002588695,1625,25.23749924,14,77,9,213.1666667
GBO.9.16.csv.csv,16.05981,2.5568569,6.312,342,0.04540825,0.741045663,0.135991343,0.00018036,0.002588695,1625,25.23749924,14,77,9,213.1666667
GA.14.03.01,78.30372222,13314.34811,0.7,345,0.142155231,0.691753227,0.044255461,0.046252343,0.004186446,1602,23.39583397,22,42,36,207.5
GA.14.03.02,78.30372222,13314.34811,0.4,345,0.142155231,0.691753227,0.044255461,0.046252343,0.004186446,1602,23.39583397,22,42,36,207.5
BH.14.06.01,78.40680556,6304.052511,0.65,1090,0.024418249,0.846099544,0.030337824,0.068568415,0.002083759,1559,18.10000038,47,22,31,201.6666667
BH.14.06.02,78.40680556,6304.052511,0.25,1090,0.024418249,0.846099544,0.030337824,0.068568415,0.002083759,1559,18.10000038,47,22,31,201.6666667
BH.14.06.03,78.40680556,6304.052511,0.25,1090,0.024418249,0.846099544,0.030337824,0.068568415,0.002083759,1559,18.10000038,47,22,31,201.6666667
GA.14.02.01,78.490431,28375.66427,0.5,442,0.014703202,0.878190829,0.007507833,0.09214238,0.001857429,1655,22.44166756,47,22,31,207.5
GA.14.02.02,78.490431,28375.66427,0.4,442,0.014703202,0.878190829,0.007507833,0.09214238,0.001857429,1655,22.44166756,47,22,31,207.5
GA.14.02.03,78.490431,28375.66427,0.4,442,0.014703202,0.878190829,0.007507833,0.09214238,0.001857429,1655,22.44166756,47,22,31,207.5
BH.14.07.02,78.59958333,10415.48056,0.55,555,0.057898948,0.705145522,0.013549902,0.218501854,0.001488338,1452,21.39583397,47,22,31,203.4166667
AL.14.12.01,78.60680556,14959.86873,0.4,469,0.052524679,0.711669378,0.012375961,0.217947725,0.001643817,1507,21.96249962,47,22,31,204
AL.14.12.02,78.60680556,14959.86873,0.35,469,0.052524679,0.711669378,0.012375961,0.217947725,0.001643817,1507,21.96249962,47,22,31,204
BH.14.09.02,78.68644444,4812.505825,0.1,2233,0.025736421,0.610148136,0.286838073,0.038055508,0.00180487,1477,11.5625,23,43,34,192.3333333
BH.14.09.03,78.68644444,4812.505825,0.1,2233,0.025736421,0.610148136,0.286838073,0.038055508,0.00180487,1477,11.5625,23,43,34,192.3333333
BH.14.05.01,78.74591667,4260.541483,0.6,2498,0.033527697,0.506774138,0.36577774,0.034059338,0.003172698,1464,9.82083321,23,43,34,211.0833333
BH.14.05.02,78.74591667,4260.541483,0.1,2498,0.033527697,0.506774138,0.36577774,0.034059338,0.003172698,1464,9.82083321,23,43,34,211.0833333
BH.14.05.03,78.74591667,4260.541483,0.2,2498,0.033527697,0.506774138,0.36577774,0.034059338,0.003172698,1464,9.82083321,23,43,34,211.0833333
BH.14.08.02,78.74747222,4260.408282,0.1,2492,0.032899017,0.503783858,0.372384687,0.033857823,0.00324453,1464,9.82083321,23,43,34,211.0833333
BH.14.08.03,78.74747222,4260.408282,0.1,2492,0.032899017,0.503783858,0.372384687,0.033857823,0.00324453,1464,9.82083321,23,43,34,211.0833333
BH.14.04.01,78.93802778,1054.592391,0.35,3035,0.001808206,0.263383393,0.483993373,0.010519659,0.001665687,1527,5.9708333,23,43,34,223.4166667
BH.14.04.03,78.93802778,1054.592391,0.1,3035,0.001808206,0.263383393,0.483993373,0.010519659,0.001665687,1527,5.9708333,23,43,34,223.4166667
AL.14.11.01,78.97038889,2210.97522,0.45,752,0.097168762,0.662612266,0.019869985,0.210529467,0.0017877,1080,19.78333282,47,22,31,209.3333333
AL.14.11.02,78.97038889,2210.97522,0.45,752,0.097168762,0.662612266,0.019869985,0.210529467,0.0017877,1080,19.78333282,47,22,31,209.3333333
AL.14.11.03,78.97038889,2210.97522,0.25,752,0.097168762,0.662612266,0.019869985,0.210529467,0.0017877,1080,19.78333282,47,22,31,209.3333333
BH.14.01.01,79.05030556,749.5916857,0.1,3784,0.000232476,0.019388495,0.320770332,0.001915602,0.000241775,1309,1.57500005,23,43,34,229.0833333
AL.14.10.01,79.05641667,11560.83575,0.4,715,0.093329225,0.69874939,0.017231196,0.179356805,0.001309674,1116,20.10833359,47,22,31,212.4166667
AL.14.10.02,79.05641667,11560.83575,0.3,715,0.093329225,0.69874939,0.017231196,0.179356805,0.001309674,1116,20.10833359,47,22,31,212.4166667
AL.14.10.03,79.05641667,11560.83575,0.2,715,0.093329225,0.69874939,0.017231196,0.179356805,0.001309674,1116,20.10833359,47,22,31,212.4166667
BH.14.03.01,79.07977778,716.5411546,0.1,3955,5.48918E-05,0.000951457,0.212001171,0.000137229,2.74459E-05,1193,0.67916662,23,43,34,229.0833333
AL.14.09.01,79.22086111,2540.257265,0.35,777,0.078880385,0.77371168,0.016137741,0.11429257,0.001782608,1139,20.78750038,47,22,31,213.8333333
AL.14.09.02,79.22086111,2540.257265,0.3,777,0.078880385,0.77371168,0.016137741,0.11429257,0.001782608,1139,20.78750038,47,22,31,213.8333333
AL.14.09.03,79.22086111,2540.257265,0.2,777,0.078880385,0.77371168,0.016137741,0.11429257,0.001782608,1139,20.78750038,47,22,31,213.8333333
AL.14.01.01,79.25444444,8659.298375,0.4,785,0.084680358,0.743060498,0.018093727,0.135762981,0.002092355,1134,20.84583282,47,22,31,213.8333333
AL.14.01.02,79.25444444,8659.298375,0.3,785,0.084680358,0.743060498,0.018093727,0.135762981,0.002092355,1134,20.84583282,47,22,31,213.8333333
AL.14.01.03,79.25444444,8659.298375,0.25,785,0.084680358,0.743060498,0.018093727,0.135762981,0.002092355,1134,20.84583282,47,22,31,213.8333333
AL.14.02.01,79.32119444,735.1816359,0.45,892,0.058886922,0.744258846,0.022665264,0.158682507,0.001385575,1125,19.66666603,47,22,31,206.5833333
AL.14.02.02,79.32119444,735.1816359,0.5,892,0.058886922,0.744258846,0.022665264,0.158682507,0.001385575,1125,19.66666603,47,22,31,206.5833333
AL.14.02.03,79.32119444,735.1816359,0.25,892,0.058886922,0.744258846,0.022665264,0.158682507,0.001385575,1125,19.66666603,47,22,31,206.5833333
AL.14.03.01,79.32944444,7368.512141,0.45,954,0.171717085,0.549294933,0.081150983,0.173629131,0.001638896,1105,18.64583397,23,43,34,198.0833333
AL.14.03.02,79.32944444,7368.512141,0.25,954,0.171717085,0.549294933,0.081150983,0.173629131,0.001638896,1105,18.64583397,23,43,34,198.0833333
AL.14.03.03,79.32944444,7368.512141,0.15,954,0.171717085,0.549294933,0.081150983,0.173629131,0.001638896,1105,18.64583397,23,43,34,198.0833333
AL.14.08.01,79.38988889,7302.109969,0.35,1043,0.157674403,0.622665962,0.044770902,0.147647631,0.001833126,1160,18.00833321,23,43,34,198.0833333
AL.14.08.02,79.38988889,7302.109969,0.6,1043,0.157674403,0.622665962,0.044770902,0.147647631,0.001833126,1160,18.00833321,23,43,34,198.0833333
AL.14.08.03,79.38988889,7302.109969,0.2,1043,0.157674403,0.622665962,0.044770902,0.147647631,0.001833126,1160,18.00833321,23,43,34,198.0833333
AL.14.07.01,79.483485,324.0659718,0.2,3242,0.009785922,0.02846238,0.587905976,0.001881212,0.000940606,1761,5.39583349,23,43,34,215.8333333
AL.14.07.02,79.483485,324.0659718,0.1,3242,0.009785922,0.02846238,0.587905976,0.001881212,0.000940606,1761,5.39583349,23,43,34,215.8333333
AL.14.07.03,79.483485,324.0659718,0.1,3242,0.009785922,0.02846238,0.587905976,0.001881212,0.000940606,1761,5.39583349,23,43,34,215.8333333
AL.14.06.01,79.491404,1000.150284,0.2,3270,0.008625855,0.024881934,0.591950377,0.001356876,0.000704871,1657,4.51249981,23,43,34,215.8333333
AL.14.06.02,79.491404,1000.150284,0.1,3270,0.008625855,0.024881934,0.591950377,0.001356876,0.000704871,1657,4.51249981,23,43,34,215.8333333
AL.14.06.03,79.491404,1000.150284,0.1,3270,0.008625855,0.024881934,0.591950377,0.001356876,0.000704871,1657,4.51249981,23,43,34,215.8333333
AL.14.04.01,79.55608333,6215.320573,0.45,1346,0.074247929,0.575572117,0.169513106,0.158282969,0.001154421,1317,16.35416603,23,43,34,190.9166667
AL.14.04.02,79.55608333,6215.320573,0.15,1346,0.074247929,0.575572117,0.169513106,0.158282969,0.001154421,1317,16.35416603,23,43,34,190.9166667
AL.14.04.03,79.55608333,6215.320573,0.15,1346,0.074247929,0.575572117,0.169513106,0.158282969,0.001154421,1317,16.35416603,23,43,34,190.9166667
AL.14.05.01,79.57594444,4104.045701,0.4,1401,0.068578363,0.59851828,0.180123222,0.133634882,0.001120201,1330,16.21249962,23,43,34,190.9166667
AL.14.05.02,79.57594444,4104.045701,0.15,1401,0.068578363,0.59851828,0.180123222,0.133634882,0.001120201,1330,16.21249962,23,43,34,190.9166667
AL.14.05.03,79.57594444,4104.045701,0.15,1401,0.068578363,0.59851828,0.180123222,0.133634882,0.001120201,1330,16.21249962,23,43,34,190.9166667
Ob16,80.667547,224951.7065,9.19047221,44,0,0.636874793,0.258990849,0.002197641,0.099540627,529,-0.92499995,9,79,12,110
Ob02,80.674698,224953.58,25.39369573,44,0,0.633464363,0.260299448,0.002042022,0.101590589,529,-0.92499995,9,79,12,110
Ob24,80.674698,224953.58,18.08343528,44,0,0.633464363,0.260299448,0.002042022,0.101590589,529,-0.92499995,9,79,12,110
Ob09,80.704044,225982.4799,7.91071813,44,0,0.546756348,0.325163737,0.001942582,0.122950883,527,-1.00833344,9,79,12,108.0833333
Ob03,80.773783,1844204.936,8.865791039,51,0,0.226681032,0.405487751,0.000953777,0.361490365,524,-1.05416679,9,79,12,113.1666667
Ob25,80.780413,179.4221709,9.387749397,42,0,0.244110199,0.396678007,0.001031728,0.352842367,524,-1.02083349,9,79,12,113.1666667
Ob10,80.821824,1845738.435,3.47983404,42,0,0.253218696,0.401788067,0.000737709,0.326032354,523,-1.11249995,9,79,12,113.4166667
Ob17,80.848822,838565.2229,4.69679027,42,0,0.25660781,0.484404793,0.000798363,0.225835956,525,-1.07083344,9,79,12,113.4166667
Ob11,80.924539,10.05845625,5.73659046,47,1.54958E-05,0.524603501,0.273423881,0.001495347,0.196029969,520,-0.99166667,11,35,54,109.8333333
Ob18,80.924539,10.05845625,5.13307007,47,1.54958E-05,0.524603501,0.273423881,0.001495347,0.196029969,520,-0.99166667,11,35,54,109.8333333
Ob26,80.924539,10.05845625,11.52485013,47,1.54958E-05,0.524603501,0.273423881,0.001495347,0.196029969,520,-0.99166667,11,35,54,109.8333333
Ob04,81.807376,1919.230867,42.59278623,54,0,0.730215128,0.209283135,0.001387582,0.05860958,511,-0.98750007,11,35,54,111.25
Ob19,81.807376,1919.230867,16.0539467,54,0,0.730215128,0.209283135,0.001387582,0.05860958,511,-0.98750007,11,35,54,111.25
Ob27,81.807376,1919.230867,20.34624738,54,0,0.730215128,0.209283135,0.001387582,0.05860958,511,-0.98750007,11,35,54,111.25
Ob15,82.797653,88656.02311,15.3003725,58,0,0.512926076,0.385729304,0.00270245,0.094971022,510,-0.53333348,11,35,54,111.75
Ob23,82.797653,88656.02311,26.74712762,58,0,0.512926076,0.385729304,0.00270245,0.094971022,510,-0.53333348,11,35,54,111.75
Ob01,82.798792,88657.14873,31.06872143,63,0,0.512453968,0.386620722,0.002713727,0.09454007,510,-0.53333348,11,35,54,111.75
Ob08,82.799755,88657.78326,6.66203246,59,0,0.508942875,0.389566922,0.002686441,0.095131927,510,-0.53333348,11,35,54,111.75
Ob05,83.190681,980.0026516,24.08742899,58,0,0.546834488,0.365128363,0.00312407,0.084631487,498,-0.26666671,20,38,42,117.0833333
Ob12,83.190681,980.0026516,5.20974955,58,0,0.546834488,0.365128363,0.00312407,0.084631487,498,-0.26666671,20,38,42,117.0833333
Ob20,83.190681,980.0026516,8.7429549,58,0,0.546834488,0.365128363,0.00312407,0.084631487,498,-0.26666671,20,38,42,117.0833333
Ob28,83.190681,980.0026516,13.24985686,58,0,0.546834488,0.365128363,0.00312407,0.084631487,498,-0.26666671,20,38,42,117.0833333
Ob06,83.623475,3612.715878,23.43974649,59,1.69977E-05,0.602660714,0.337563883,0.001444808,0.055310662,482,-0.05416666,20,38,42,115.75
Ob13,83.623475,3612.715878,7.28009551,59,1.69977E-05,0.602660714,0.337563883,0.001444808,0.055310662,482,-0.05416666,20,38,42,115.75
Ob29,83.623475,3612.715878,18.27081096,59,1.69977E-05,0.602660714,0.337563883,0.001444808,0.055310662,482,-0.05416666,20,38,42,115.75
Ob21,83.626919,3612.379866,12.557098,58,0.000187096,0.598690329,0.348207456,0.00132618,0.049888568,478,-0.0125,20,38,42,113.8333333
Ob07,83.93003,1359.340422,9.242912906,66,0.004185945,0.521639791,0.421692473,0.002261899,0.045495671,480,0.16250002,21,25,54,117
Ob14,83.93003,1359.340422,5.07688252,66,0.004185945,0.521639791,0.421692473,0.002261899,0.045495671,480,0.16250002,21,25,54,117
Ob22,83.93003,1359.340422,7.7778511,66,0.004185945,0.521639791,0.421692473,0.002261899,0.045495671,480,0.16250002,21,25,54,117
Ob30,83.93003,1359.340422,12.18306618,66,0.004185945,0.521639791,0.421692473,0.002261899,0.045495671,480,0.16250002,21,25,54,117
Sample.57..RA..,102.612,26.90676418,3.9,3366,0.01725823,0.020638204,0.931700086,0.024531283,0.000480526,655,1.7166667,20,35,45,200.0833333
Sample.56..RA..,102.63,60.96612764,0.4,3333,0.015857753,0.069094495,0.863880831,0.043686235,0.002232798,657,1.77083337,20,46,34,200.0833333
Sample.59..RA..,102.741,114.4467321,3,3183,0.024495783,0.078026321,0.879892434,0.015230412,4.88938E-05,643,2.88750005,20,35,45,196.25
Sample.72..RA..,103.229,410.1797702,1.1,2981,0.032602014,0.669709958,0.289517035,0.006958047,3.27823E-05,661,3.51666665,21,36,43,193.8333333
Sample.65..RA..,103.337,281.0464805,2.1,2481,0.01362734,0.770222466,0.210741742,0.002990172,0.000171567,629,5.125,22,41,37,181.3333333
Sample.46..RA..,103.493,354.0209499,1.4,2367,0.018169363,0.777727035,0.194611169,0.00395518,0.00013048,621,5.10416698,22,41,37,184.5
Sample.75..RA..,103.681,1067.010077,1.1,2531,0.011617032,0.723882189,0.218188531,0.036245795,0.008130281,646,5.13333321,19,47,34,176
Sample.23..RA..,103.918,1150.296099,1.2,1764,0.060313809,0.474147704,0.369251622,0.029762589,0.000295736,593,8.3125,21,36,43,181.5
Sample.38..RA..,103.934,705.2136833,1,2409,0.06021435,0.570310071,0.356205514,0.011126565,0.000548147,619,5.92916679,21,36,43,179.9166667
Sample.29..RA..,104.25,853.9662027,1.7,1969,0.084623533,0.597759126,0.286204368,0.006331486,0.000154824,602,6.76249981,21,36,43,174
Sample.97..RA..,104.445,1385.237232,0.7,1143,0.238905448,0.32362974,0.363280344,0.026958106,0.000140752,622,12.875,21,29,50,163.3333333
Sample.34..RA..,104.446,2599.971711,1.5,1657,0.282251125,0.391373475,0.265524222,0.034306133,0.000540899,587,8.48750019,21,36,43,174.5833333
Sample.4..RA..,104.613,439.3947174,1.1,1064,0.200560847,0.346472306,0.393837321,0.03950818,0.000141041,638,13.47916698,21,36,43,163.0833333
Sample.15..RA..,104.613,439.3947174,1,1375,0.166492783,0.449087728,0.319061193,0.031225098,0.000706487,566,10.70416641,21,36,43,165.75
Sample.16..RA..,104.699,1684.798866,0.6,1200,0.076114644,0.653659058,0.236552778,0.015217999,0.003262174,546,11.22500038,21,36,43,165.75
Sample.12..RA..,104.921,632.2291234,1.8,1040,0.326518595,0.160078625,0.316201108,0.041344591,0.001053313,514,13.07499981,21,36,43,162.4166667
Sample.13..RA..,104.947,110.1407597,0.8,1000,0.242745689,0.266792117,0.274493968,0.044179482,0.000383011,528,13.17083359,21,36,43,162.4166667
Sample.1..RA..,105.1,666.8715843,1.6,745,0.035827345,0.784633938,0.171230926,0.004229268,0.000376865,686,13.13333321,24,47,29,145.9166667
W1,112.1613025,12626.37431,1.4,0,0.216307886,0.540270923,0.031796703,0.061052189,1.05009E-05,1779,22.30833435,0,0,0,159.8333333
E1,114.2552924,30594.51305,1.7,14,0.357051115,0.386090429,0.034237091,0.043318148,0.00014048,1820,22.13333321,21,39,40,162.25
R7.xlsx.csv,122.190347,2.295168403,3.202,0,0.812110701,0.004335971,0.006912538,0,0.008230007,621,9.27083302,0,0,0,166
R5.xlsx.csv,122.225992,48444.49312,3.0205,4,0.79825351,0.007630377,0.011592789,0,0.024792415,620,9.1916666,56,15,29,166.5833333
R9.xlsx.csv,122.255888,49199.05505,2.8095,2,0.312277145,8.73943E-05,0.002342166,0,0.005304831,633,9.63749981,0,0,0,166.5833333
R4.xlsx.csv,122.30763,47414.30722,2.4785,0,0.880654752,0.004707631,0.007776783,0,0.021156367,626,9.16666698,23,38,39,166.4166667
R3.xlsx.csv,122.321,46883.78521,2.67,3,0.897234357,0.003402244,0.009646459,0,0.021826331,623,9.11250019,52,19,29,164
R2.xlsx.csv,122.352474,46814.49403,2.48,0,0.89028915,0.002246993,0.006237206,0,0.012994179,623,9.07916641,23,38,39,164
R1.xlsx.csv,122.423,46420.41424,2.559,1,0.882120015,0.000920503,0.009530385,0,0.008863813,630,9.04166698,23,38,39,165.6666667
