DOC,DEM,farmland,forest,grassland,shrub,wetland,tundra,impermeablelayer,bareland,icesnow,bio12,bio1,t_clay,t_sand,t_silt,solar,DA,DADOM
0.74,124,0.126037413,0.081371523,0.654016245,5.15943E-05,0,0,0.03062488,0.107898345,0,180,11.79583359,6,83,11,169.0833333,0.996001678930246,0.998361172871312
1.1,124,0.126037413,0.081371523,0.654016245,5.15943E-05,0,0,0.03062488,0.107898345,0,180,11.79583359,6,83,11,169.0833333,0.996664233560322,0.9985710350524
1.49,124,0.126037413,0.081371523,0.654016245,5.15943E-05,0,0,0.03062488,0.107898345,0,180,11.79583359,6,83,11,169.0833333,0.996892117008726,0.998677034772122
1.45,124,0.126037413,0.081371523,0.654016245,5.15943E-05,0,0,0.03062488,0.107898345,0,180,11.79583359,6,83,11,169.0833333,0.996246993709343,0.998451932082658
1.48,124,0.126037413,0.081371523,0.654016245,5.15943E-05,0,0,0.03062488,0.107898345,0,180,11.79583359,6,83,11,169.0833333,0.997397344680974,0.997847479353028
1.26,124,0.126037413,0.081371523,0.654016245,5.15943E-05,0,0,0.03062488,0.107898345,0,180,11.79583359,6,83,11,169.0833333,0.996860894606948,0.998120616568204
1.18,124,0.126037413,0.081371523,0.654016245,5.15943E-05,0,0,0.03062488,0.107898345,0,180,11.79583359,6,83,11,169.0833333,0.996829606047214,0.99863896735012
1.44,124,0.126037413,0.081371523,0.654016245,5.15943E-05,0,0,0.03062488,0.107898345,0,180,11.79583359,6,83,11,169.0833333,0.996595137859128,0.99860956039124
1.67,124,0.126037413,0.081371523,0.654016245,5.15943E-05,0,0,0.03062488,0.107898345,0,180,11.79583359,6,83,11,169.0833333,0.99654567216144,0.998518109700592
1.34,124,0.126037413,0.081371523,0.654016245,5.15943E-05,0,0,0.03062488,0.107898345,0,180,11.79583359,6,83,11,169.0833333,0.996490855005937,0.998583847965156
0.94,124,0.126037413,0.081371523,0.654016245,5.15943E-05,0,0,0.03062488,0.107898345,0,180,11.79583359,6,83,11,169.0833333,0.996816241135329,0.998621318179493
2.05,124,0.126037413,0.081371523,0.654016245,5.15943E-05,0,0,0.03062488,0.107898345,0,180,11.79583359,6,83,11,169.0833333,0.996584963056166,0.998237866413815
1.48,142,0.104081143,0.054833293,0.632155707,0,0,0,0.149573382,0.059356475,0,189,11.82499981,21,39,40,172.6666667,0.995927239130496,0.998552403912001
1.26,142,0.104081143,0.054833293,0.632155707,0,0,0,0.149573382,0.059356475,0,189,11.82499981,21,39,40,172.6666667,0.996549270494503,0.998051591843375
1.46,142,0.104081143,0.054833293,0.632155707,0,0,0,0.149573382,0.059356475,0,189,11.82499981,21,39,40,172.6666667,0.996630933904132,0.998615350166706
3.16,1500,0.018463009,0.010006227,0.573808593,0.000991934,0.000108606,0,0.211948101,0.184673531,0,214,7.10416651,24,58,18,187.1666667,0.996885687326186,0.998717941633393
2.25,1500,0.018463009,0.010006227,0.573808593,0.000991934,0.000108606,0,0.211948101,0.184673531,0,214,7.10416651,24,58,18,187.1666667,0.996889720717522,0.998740364245168
5.42,869,0.11665307,0.026559784,0.637860462,0.000737772,0,0,0.169325719,0.048863193,0,264,8.67083359,23,36,41,181.3333333,0.996513595399704,0.99849326903052
3.2,869,0.11665307,0.026559784,0.637860462,0.000737772,0,0,0.169325719,0.048863193,0,264,8.67083359,23,36,41,181.3333333,0.995762139111259,0.998179177036066
2.85,869,0.11665307,0.026559784,0.637860462,0.000737772,0,0,0.169325719,0.048863193,0,264,8.67083359,23,36,41,181.3333333,0.99746274045692,0.998823837445923
1.86,2347,0.012797569,0.037852724,0.803909468,0.005739235,0.000694262,0,0.068215129,0.070791613,0,280,3.49166679,22,43,35,198.1666667,0.997023646487871,0.998707689002471
1.84,2347,0.012797569,0.037852724,0.803909468,0.005739235,0.000694262,0,0.068215129,0.070791613,0,280,3.49166679,22,43,35,198.1666667,0.997288556738787,0.998760171788229
1.4,2347,0.012797569,0.037852724,0.803909468,0.005739235,0.000694262,0,0.068215129,0.070791613,0,280,3.49166679,22,43,35,198.1666667,0.997217618303603,0.998740308690248
1.15,340,0.005314555,0.086348236,0.477592506,0.000205939,0.000890188,0,0.409446622,0.020201953,0,299,8.77083302,21,34,45,141.75,0.99685152753523,0.998482142817364
1.8,340,0.005314555,0.086348236,0.477592506,0.000205939,0.000890188,0,0.409446622,0.020201953,0,299,8.77083302,21,34,45,141.75,0.997101915775287,0.997684917938942
1.27,340,0.005314555,0.086348236,0.477592506,0.000205939,0.000890188,0,0.409446622,0.020201953,0,299,8.77083302,21,34,45,141.75,0.995950152875171,0.996264984916802
1.45,1490,0.000503735,0.150710266,0.841179603,0.000654855,0,0,0.003216707,0.003734834,0,370,6.91666651,24,35,41,181.4166667,0.997474299653853,0.998876430462235
1.46,1490,0.000503735,0.150710266,0.841179603,0.000654855,0,0,0.003216707,0.003734834,0,370,6.91666651,24,35,41,181.4166667,0.997656292290065,0.998925501323669
2.16,1490,0.000503735,0.150710266,0.841179603,0.000654855,0,0,0.003216707,0.003734834,0,370,6.91666651,24,35,41,181.4166667,0.99773254721405,0.998904814115173
1.94,1633,0.03640591,0.185817145,0.684947124,0.027278182,0.003067577,0,0.022425561,0.039953499,0.000105003,392,8.59166622,19,37,44,181.1666667,0.996999342817585,0.998603367935715
2.09,1633,0.03640591,0.185817145,0.684947124,0.027278182,0.003067577,0,0.022425561,0.039953499,0.000105003,392,8.59166622,19,37,44,181.1666667,0.997678631551391,0.998798917462514
0.73,2108,0.000183293,0.452571227,0.509457894,0.033344575,0,0,0.00082115,0.001744945,0.001876915,413,3.26666665,24,35,41,180.1666667,0.996109034433689,0.998146214372563
0.94,2108,0.000183293,0.452571227,0.509457894,0.033344575,0,0,0.00082115,0.001744945,0.001876915,413,3.26666665,24,35,41,180.1666667,0.995853012327978,0.997891051189252
0.93,2108,0.000183293,0.452571227,0.509457894,0.033344575,0,0,0.00082115,0.001744945,0.001876915,413,3.26666665,24,35,41,180.1666667,0.996055337429362,0.99815271490265
3.6,1190,0.019871261,0.000469519,0.966012874,0.000469519,0,0,0.000121166,0.013055661,0,430,10.42500019,21,34,45,190.25,0.996663957000635,0.998698376772278
4.76,1190,0.019871261,0.000469519,0.966012874,0.000469519,0,0,0.000121166,0.013055661,0,430,10.42500019,21,34,45,190.25,0.997407933913177,0.998932652930061
4.97,1190,0.019871261,0.000469519,0.966012874,0.000469519,0,0,0.000121166,0.013055661,0,430,10.42500019,21,34,45,190.25,0.997440549429244,0.999000818454513
1.79,349,0.041708936,0.513797447,0.434982128,0.00333617,3.40426E-05,0,0.004228085,0.001913191,0,454,7.79999971,21,25,54,134.25,0.996933276176519,0.998360897549422
1.93,349,0.041708936,0.513797447,0.434982128,0.00333617,3.40426E-05,0,0.004228085,0.001913191,0,454,7.79999971,21,25,54,134.25,0.997008780713016,0.998593694132309
1.96,349,0.041708936,0.513797447,0.434982128,0.00333617,3.40426E-05,0,0.004228085,0.001913191,0,454,7.79999971,21,25,54,134.25,0.996740847075611,0.998326061724912
2.71,2463,0.000823337,0.662605372,0.296273076,0.003950509,0.000528749,0,0.034942744,0.000876212,0,459,4.67083311,19,37,44,176.4166667,0.994753072071445,0.997486032293411
2.6,2463,0.000823337,0.662605372,0.296273076,0.003950509,0.000528749,0,0.034942744,0.000876212,0,459,4.67083311,19,37,44,176.4166667,0.995737471414688,0.997996307366228
2.46,2463,0.000823337,0.662605372,0.296273076,0.003950509,0.000528749,0,0.034942744,0.000876212,0,459,4.67083311,19,37,44,176.4166667,0.995987088302909,0.998098042708286
0.58,1350,0.174882355,0.047472048,0.591499454,0.000127998,0,0,0.168550239,0.017467906,0,459,8.33749962,21,34,45,191,0.996644442867442,0.998791610845217
1.16,1350,0.174882355,0.047472048,0.591499454,0.000127998,0,0,0.168550239,0.017467906,0,459,8.33749962,21,34,45,191,0.996748308749023,0.998788802136994
1.57,947,0.000293734,0.319597083,0.670107894,0,0,0,0.005057959,0.004943331,0,468,9.08333302,24,58,18,185.8333333,0.996720766074989,0.998510077597787
0.87,947,0.000293734,0.319597083,0.670107894,0,0,0,0.005057959,0.004943331,0,468,9.08333302,24,58,18,185.8333333,0.997119225944199,0.997604506311048
12.557098,58,0.000187096,0.598690329,0.348207456,0.00132618,0.049888568,0,5.50282E-06,0.001694869,0,478,-0.0125,20,38,42,113.8333333,0.999197036839774,0.99964523802175
9.242912906,66,0.004185945,0.521639791,0.421692473,0.002261899,0.045495671,0,0.004082871,0.000629896,1.14527E-05,480,0.16250002,21,25,54,117,0.998051106201679,0.999242702707707
5.07688252,66,0.004185945,0.521639791,0.421692473,0.002261899,0.045495671,0,0.004082871,0.000629896,1.14527E-05,480,0.16250002,21,25,54,117,0.997420641750182,0.999138368757935
7.7778511,66,0.004185945,0.521639791,0.421692473,0.002261899,0.045495671,0,0.004082871,0.000629896,1.14527E-05,480,0.16250002,21,25,54,117,0.998365753580673,0.999377170693189
12.18306618,66,0.004185945,0.521639791,0.421692473,0.002261899,0.045495671,0,0.004082871,0.000629896,1.14527E-05,480,0.16250002,21,25,54,117,0.99879677126815,0.999513273400021
23.43974649,59,1.69977E-05,0.602660714,0.337563883,0.001444808,0.055310662,0,7.93228E-05,0.002923612,0,482,-0.05416666,20,38,42,115.75,0.999038302428231,0.999530719764779
7.28009551,59,1.69977E-05,0.602660714,0.337563883,0.001444808,0.055310662,0,7.93228E-05,0.002923612,0,482,-0.05416666,20,38,42,115.75,0.998518621767195,0.999451312707189
18.27081096,59,1.69977E-05,0.602660714,0.337563883,0.001444808,0.055310662,0,7.93228E-05,0.002923612,0,482,-0.05416666,20,38,42,115.75,0.999161402201507,0.999624415576888
24.08742899,58,0,0.546834488,0.365128363,0.00312407,0.084631487,0,0.000281591,0,0,498,-0.26666671,20,38,42,117.0833333,0.999067528169648,0.999574317565201
5.20974955,58,0,0.546834488,0.365128363,0.00312407,0.084631487,0,0.000281591,0,0,498,-0.26666671,20,38,42,117.0833333,0.997856179701264,0.999306208493747
8.7429549,58,0,0.546834488,0.365128363,0.00312407,0.084631487,0,0.000281591,0,0,498,-0.26666671,20,38,42,117.0833333,0.999094311825084,0.999630660443135
13.24985686,58,0,0.546834488,0.365128363,0.00312407,0.084631487,0,0.000281591,0,0,498,-0.26666671,20,38,42,117.0833333,0.998774508887352,0.999493285172527
15.3003725,58,0,0.512926076,0.385729304,0.00270245,0.094971022,0,0.003561069,0.000110079,0,510,-0.53333348,11,35,54,111.75,0.999079008647297,0.999561336718691
26.74712762,58,0,0.512926076,0.385729304,0.00270245,0.094971022,0,0.003561069,0.000110079,0,510,-0.53333348,11,35,54,111.75,0.99918234013844,0.999595380887565
31.06872143,63,0,0.512453968,0.386620722,0.002713727,0.09454007,0,0.003561422,0.00011009,0,510,-0.53333348,11,35,54,111.75,0.998542608887127,0.999319493304484
6.66203246,59,0,0.508942875,0.389566922,0.002686441,0.095131927,0,0.003561736,0.0001101,0,510,-0.53333348,11,35,54,111.75,0.997924121461633,0.999203904268194
42.59278623,54,0,0.730215128,0.209283135,0.001387582,0.05860958,0,0.000388943,0.000115632,0,511,-0.98750007,11,35,54,111.25,0.99921003478477,0.999590040891018
16.0539467,54,0,0.730215128,0.209283135,0.001387582,0.05860958,0,0.000388943,0.000115632,0,511,-0.98750007,11,35,54,111.25,0.999242822370707,0.999630846176218
20.34624738,54,0,0.730215128,0.209283135,0.001387582,0.05860958,0,0.000388943,0.000115632,0,511,-0.98750007,11,35,54,111.25,0.999090805652989,0.999545577323767
0.55,2772,0.008468324,0.271777887,0.577859404,2.30535E-05,4.6107E-05,0,0.002505149,0.061445302,0.077874773,511,0.80833334,19,37,44,182.5,0.996324801838768,0.995770237338109
0.67,2772,0.008468324,0.271777887,0.577859404,2.30535E-05,4.6107E-05,0,0.002505149,0.061445302,0.077874773,511,0.80833334,19,37,44,182.5,0.996790315728586,0.988079721741151
1.8,1040,0.326518595,0.160078625,0.316201108,0.041344591,0.001053313,0,0.153849982,0.000953787,0,514,13.07499981,21,36,43,162.4166667,0.996595888059583,0.99910447011842
5.73659046,47,1.54958E-05,0.524603501,0.273423881,0.001495347,0.196029969,0,0.004393067,3.87396E-05,0,520,-0.99166667,11,35,54,109.8333333,0.99808168096876,0.999237285228606
5.13307007,47,1.54958E-05,0.524603501,0.273423881,0.001495347,0.196029969,0,0.004393067,3.87396E-05,0,520,-0.99166667,11,35,54,109.8333333,0.998708457936962,0.999484428951511
11.52485013,47,1.54958E-05,0.524603501,0.273423881,0.001495347,0.196029969,0,0.004393067,3.87396E-05,0,520,-0.99166667,11,35,54,109.8333333,0.999067492224101,0.999585344151787
3.47983404,42,0,0.253218696,0.401788067,0.000737709,0.326032354,0,0.015913442,0.002292168,1.75645E-05,523,-1.11249995,9,79,12,113.4166667,0.997974481551995,0.999298514322022
8.865791039,51,0,0.226681032,0.405487751,0.000953777,0.361490365,0,0.000132469,0.005254606,0,524,-1.05416679,9,79,12,113.1666667,0.999000256494269,0.999525916538206
9.387749397,42,0,0.244110199,0.396678007,0.001031728,0.352842367,0,0.0001279,0.005209799,0,524,-1.02083349,9,79,12,113.1666667,0.999010357549804,0.999571102227133
4.69679027,42,0,0.25660781,0.484404793,0.000798363,0.225835956,0,0.030539321,0.001798254,1.55022E-05,525,-1.07083344,9,79,12,113.4166667,0.998668011352818,0.999501572698062
7.91071813,44,0,0.546756348,0.325163737,0.001942582,0.122950883,0,0.002787184,0.000345519,5.37473E-05,527,-1.00833344,9,79,12,108.0833333,0.998574175953521,0.999412812451242
0.8,1000,0.242745689,0.266792117,0.274493968,0.044179482,0.000383011,0,0.170240048,0.001165686,0,528,13.17083359,21,36,43,162.4166667,0.996491618429955,0.99902861162866
9.19047221,44,0,0.636874793,0.258990849,0.002197641,0.099540627,0,0.002160891,0.000183749,5.14498E-05,529,-0.92499995,9,79,12,110,0.998704266562128,0.999391792029266
25.39369573,44,0,0.633464363,0.260299448,0.002042022,0.101590589,0,0.002224345,0.000328182,5.10505E-05,529,-0.92499995,9,79,12,110,0.999152250803951,0.999564822334168
18.08343528,44,0,0.633464363,0.260299448,0.002042022,0.101590589,0,0.002224345,0.000328182,5.10505E-05,529,-0.92499995,9,79,12,110,0.999196070983232,0.999581701271523
2.1,720,0.437703765,0.035003585,0.281422059,6.76398E-06,0,0,0.145100851,0.100762977,0,529,8.7458334,24,35,41,171.3333333,0.997181180889428,0.999057046898324
3.58,720,0.437703765,0.035003585,0.281422059,6.76398E-06,0,0,0.145100851,0.100762977,0,529,8.7458334,24,35,41,171.3333333,0.997089884229307,0.999060180091023
2.44,720,0.437703765,0.035003585,0.281422059,6.76398E-06,0,0,0.145100851,0.100762977,0,529,8.7458334,24,35,41,171.3333333,0.997139217048175,0.998951614245969
1.2,2951,0,0.863189922,0.099871891,2.28767E-05,0.000335524,0,0,0.026285287,0.010294499,543,1.14999998,19,37,44,187.1666667,0.995620752473713,0.998014767868249
1.39,2951,0,0.863189922,0.099871891,2.28767E-05,0.000335524,0,0,0.026285287,0.010294499,543,1.14999998,19,37,44,187.1666667,0.995984186197934,0.99816915998336
1.16,2951,0,0.863189922,0.099871891,2.28767E-05,0.000335524,0,0,0.026285287,0.010294499,543,1.14999998,19,37,44,187.1666667,0.996551709338654,0.99839075688723
0.6,1200,0.076114644,0.653659058,0.236552778,0.015217999,0.003262174,0,0.013467764,0.001725583,0,546,11.22500038,21,36,43,165.75,0.996710695933616,0.998867221811309
3.32,3044,0.000678323,0.778089417,0.194343246,5.33512E-05,0.001661509,0,0.00461107,0.009092572,0.011470512,553,1.9083333,19,37,44,164.5833333,0.997653139528834,0.998667940132488
3.75,3044,0.000678323,0.778089417,0.194343246,5.33512E-05,0.001661509,0,0.00461107,0.009092572,0.011470512,553,1.9083333,19,37,44,164.5833333,0.997635307646741,0.998701370297853
7.48,33,0.079994587,0.391537188,0.190323059,0,0.003473542,0,0.333550295,0.001121329,0,561,9.0583334,6,73,21,114,0.996485468081976,0.996897072934289
8.39,33,0.079994587,0.391537188,0.190323059,0,0.003473542,0,0.333550295,0.001121329,0,561,9.0583334,6,73,21,114,0.996433316372525,0.996373039274071
6.37,33,0.079994587,0.391537188,0.190323059,0,0.003473542,0,0.333550295,0.001121329,0,561,9.0583334,6,73,21,114,0.996118804151216,0.987286158736676
0.81,1726,0.049698896,0.354190453,0.507913766,0.000596984,0,0,0.083771743,0.003828158,0,565,8.45833302,21,34,45,188.5833333,0.995641919134404,0.998111638341675
0.73,1726,0.049698896,0.354190453,0.507913766,0.000596984,0,0,0.083771743,0.003828158,0,565,8.45833302,21,34,45,188.5833333,0.995598108396883,0.998112321452181
1,1375,0.166492783,0.449087728,0.319061193,0.031225098,0.000706487,0,0.031668707,0.001758003,0,566,10.70416641,21,36,43,165.75,0.997289731134477,0.998897713122046
0.77,1663,0.042150827,0.324459868,0.482047838,0.000514945,0,0,0.146244263,0.004582261,0,567,8.80416679,21,34,45,186.3333333,0.995653499600401,0.997449536802487
0.74,1663,0.042150827,0.324459868,0.482047838,0.000514945,0,0,0.146244263,0.004582261,0,567,8.80416679,21,34,45,186.3333333,0.995192434271137,0.919509266785544
1.5,1657,0.282251125,0.391373475,0.265524222,0.034306133,0.000540899,0,0.024881371,0.001122776,0,587,8.48750019,21,36,43,174.5833333,0.996658940896489,0.998964898210258
1.2,1764,0.060313809,0.474147704,0.369251622,0.029762589,0.000295736,0,0.065316684,0.000911854,0,593,8.3125,21,36,43,181.5,0.997037499382789,0.99878135368658
1.7,1969,0.084623533,0.597759126,0.286204368,0.006331486,0.000154824,0,0.024071056,0.000855606,0,602,6.76249981,21,36,43,174,0.997177465891632,0.999285313199612
1,2409,0.06021435,0.570310071,0.356205514,0.011126565,0.000548147,0,0.001268101,0.000327252,0,619,5.92916679,21,36,43,179.9166667,0.996736983713422,0.998693780017145
3.0205,4,0.79825351,0.007630377,0.011592789,0,0.024792415,0,0.131987852,0.025743057,0,620,9.1916666,56,15,29,166.5833333,0.996787749625576,0.99926788082101
1.4,2367,0.018169363,0.777727035,0.194611169,0.00395518,0.00013048,0,0.005333377,7.33951E-05,0,621,5.10416698,22,41,37,184.5,0.99725324883268,0.998818949037125
3.202,0,0.812110701,0.004335971,0.006912538,0,0.008230007,0,0.159772195,0.008638588,0,621,9.27083302,0,0,0,166,0.996642336966536,0.999202343230676
0.7,1143,0.238905448,0.32362974,0.363280344,0.026958106,0.000140752,0,0.046257659,0.000827952,0,622,12.875,21,29,50,163.3333333,0.996716220206798,0.998855376109971
2.48,0,0.89028915,0.002246993,0.006237206,0,0.012994179,0,0.084202277,0.004030194,0,623,9.07916641,23,38,39,164,0.996542835370429,0.999200715741762
2.67,3,0.897234357,0.003402244,0.009646459,0,0.021826331,0,0.058325349,0.00956526,0,623,9.11250019,52,19,29,164,0.996720858342013,0.999241669673664
2.4785,0,0.880654752,0.004707631,0.007776783,0,0.021156367,0,0.072836408,0.012868058,0,626,9.16666698,23,38,39,166.4166667,0.996629108738233,0.99921465372871
2.1,2481,0.01362734,0.770222466,0.210741742,0.002990172,0.000171567,0,0.002132336,0.000114378,0,629,5.125,22,41,37,181.3333333,0.9967542448221,0.99868334577411
2.559,1,0.882120015,0.000920503,0.009530385,0,0.008863813,0,0.093589805,0.00497548,0,630,9.04166698,23,38,39,165.6666667,0.996623823238275,0.999229639219471
2.8095,2,0.312277145,8.73943E-05,0.002342166,0,0.005304831,0,0.672262812,0.007725652,0,633,9.63749981,0,0,0,166.5833333,0.99646074601747,0.999199598259072
1.1,1064,0.200560847,0.346472306,0.393837321,0.03950818,0.000141041,0,0.019015697,0.000464607,0,638,13.47916698,21,36,43,163.0833333,0.99699249472826,0.999080377341346
3,3183,0.024495783,0.078026321,0.879892434,0.015230412,4.88938E-05,0,0.001271238,0.001034918,0,643,2.88750005,20,35,45,196.25,0.997428278075457,0.999007919699464
1.42,883,0.006674141,0.799122865,0.188498318,0.005454066,0,0,0.000164875,8.5735E-05,0,644,6.17916679,11,46,43,151.75,0.997263231277336,0.998791124441595
1.51,883,0.006674141,0.799122865,0.188498318,0.005454066,0,0,0.000164875,8.5735E-05,0,644,6.17916679,11,46,43,151.75,0.997103773692482,0.998659063979807
1.55,883,0.006674141,0.799122865,0.188498318,0.005454066,0,0,0.000164875,8.5735E-05,0,644,6.17916679,11,46,43,151.75,0.997476968075932,0.998872766203309
1.1,2531,0.011617032,0.723882189,0.218188531,0.036245795,0.008130281,0,0.001091148,0.000648125,0.000196899,646,5.13333321,19,47,34,176,0.997084776253076,0.998809589839191
3.9,3366,0.01725823,0.020638204,0.931700086,0.024531283,0.000480526,0,0.003933801,0.001457868,0,655,1.7166667,20,35,45,200.0833333,0.997575458414426,0.999004668921442
0.4,3333,0.015857753,0.069094495,0.863880831,0.043686235,0.002232798,0,0.003821833,0.001426057,0,657,1.77083337,20,46,34,200.0833333,0.997106705736635,0.999137443685183
1.1,2981,0.032602014,0.669709958,0.289517035,0.006958047,3.27823E-05,0,0.000844145,0.000336019,0,661,3.51666665,21,36,43,193.8333333,0.996681139607014,0.998691534581201
1.6,745,0.035827345,0.784633938,0.171230926,0.004229268,0.000376865,0,0.003601159,0.000100497,0,686,13.13333321,24,47,29,145.9166667,0.996400223222023,0.998912606593873
10.83,97,0.31938905,0.119001642,0.551057853,0,0.000120313,0,0.010334891,9.62504E-05,0,727,8.99166679,19,37,44,108.8333333,0.997034920019252,0.998789862127271
8.47,97,0.31938905,0.119001642,0.551057853,0,0.000120313,0,0.010334891,9.62504E-05,0,727,8.99166679,19,37,44,108.8333333,0.997298917001217,0.998833681937472
11.09,97,0.31938905,0.119001642,0.551057853,0,0.000120313,0,0.010334891,9.62504E-05,0,727,8.99166679,19,37,44,108.8333333,0.99695677038689,0.998779942780888
2.2285,819,0.012120599,0.601305962,0.384912093,0.001184612,0,0,0.000476734,0,0,754,10.66666698,23,41,36,167.4166667,0.997426464694956,0.998838396130774
0.89,212,0.505133798,0.195487259,0.202198016,0,0.000291772,0,0.088948787,0.007940367,0,778,11.96249962,9,77,14,161.3333333,0.995992008742893,0.994240283521671
0.88,212,0.505133798,0.195487259,0.202198016,0,0.000291772,0,0.088948787,0.007940367,0,778,11.96249962,9,77,14,161.3333333,0.995898533751659,0.993026268311248
0.6805,715,0.01540589,0.711753563,0.26649525,0.004472678,3.60119E-05,0,0.00178619,5.04167E-05,0,779,10.57083321,23,41,36,160.3333333,0.997210737732993,0.998894957708351
0.4495,613,0.010345274,0.623776133,0.358700973,0.001706214,0.000158383,0,0.003102862,0.00221016,0,783,11.09583378,20,49,31,154.1666667,0.99755060754786,0.998958313067827
2.727,984,0.00446332,0.565500483,0.42642372,0.000461474,0.000685001,0,0.001333949,0.001132054,0,822,9.94999981,23,41,36,155.8333333,0.997688214406123,0.99888334947639
1.84,260,0.495724838,0.128303351,0.296675233,0,0.000598038,0,0.0746335,0.004065041,0,823,7.5250001,21,47,32,156.0833333,0.994775694373786,0.99847164211657
1.76,260,0.495724838,0.128303351,0.296675233,0,0.000598038,0,0.0746335,0.004065041,0,823,7.5250001,21,47,32,156.0833333,0.994613266734403,0.99845733645913
1.57,260,0.495724838,0.128303351,0.296675233,0,0.000598038,0,0.0746335,0.004065041,0,823,7.5250001,21,47,32,156.0833333,0.994717096905344,0.998582289265888
2.59,266,0.284641328,0.432067827,0.265481805,0,0.000173324,0,0.016682434,0.000953282,0,824,7.36250019,21,47,32,157.4166667,0.996852177494596,0.998962266953457
2.35,266,0.284641328,0.432067827,0.265481805,0,0.000173324,0,0.016682434,0.000953282,0,824,7.36250019,21,47,32,157.4166667,0.99740174972985,0.999039807631229
3,266,0.284641328,0.432067827,0.265481805,0,0.000173324,0,0.016682434,0.000953282,0,824,7.36250019,21,47,32,157.4166667,0.99721286015238,0.999053306129431
0.9355,526,0.107706572,0.392415617,0.430948479,0.006382612,0.005088839,0,0.008812029,0.044304525,0.004341326,826,11.66666698,24,42,34,137.75,0.996906976210937,0.998802160733706
0.496,1261,0.013124306,0.340575739,0.579452529,0.036026941,0.000944662,0,0.022260842,0.007614982,0,830,8.58749962,23,41,36,174.8333333,0.997665917882422,0.999020578365518
0.3695,722,0.061556848,0.329354337,0.480409803,0.002181488,0.003283032,0,0.009431517,0.077468034,0.036314941,833,10.3125,19,37,44,146.0833333,0.997843031413194,0.999131968546566
1.9,135,0.016650654,0.216255763,0.379007307,0.00501547,0.005623672,0,0.363608317,0.013838817,0,834,20.24583244,56,20,24,187.6666667,0.996624488356537,0.998833152586067
2.18,135,0.016650654,0.216255763,0.379007307,0.00501547,0.005623672,0,0.363608317,0.013838817,0,834,20.24583244,56,20,24,187.6666667,0.996902059035371,0.998906234194193
2.15,135,0.016650654,0.216255763,0.379007307,0.00501547,0.005623672,0,0.363608317,0.013838817,0,834,20.24583244,56,20,24,187.6666667,0.996961233765469,0.998930974749622
0.5325,450,0.021902005,0.427265087,0.523011831,0.004855938,0.001170884,0,0.019861936,0.001932319,0,839,11.72083378,23,41,36,144.1666667,0.998173840755288,0.999115410909158
1.94,267,0.003157349,0.208253509,0.771963723,0.005426694,0.000205557,0,0.008847156,0.002146011,0,842,17.6875,24,47,29,189,0.995189163926262,0.998139342560216
2.23,267,0.003157349,0.208253509,0.771963723,0.005426694,0.000205557,0,0.008847156,0.002146011,0,842,17.6875,24,47,29,189,0.995359765932733,0.998196066244668
1.34,267,0.003157349,0.208253509,0.771963723,0.005426694,0.000205557,0,0.008847156,0.002146011,0,842,17.6875,24,47,29,189,0.996108179232224,0.998474777310111
0.894,341,0.0344251,0.449980624,0.49514159,0.000889871,6.45874E-05,0,0.004011597,0.01548663,0,848,11.74166679,19,37,44,137.5833333,0.997022467770974,0.998818900785545
0.8815,565,0.001939822,0.530462396,0.465162227,0.001300399,0,0,0.001120786,1.43691E-05,0,850,11.72916698,23,41,36,143.6666667,0.997850303021808,0.999048867601618
1.3575,1235,0.042078315,0.293372755,0.635970289,0.009288238,7.21137E-05,0,0.011271364,0.007946924,0,863,8.32499981,23,41,36,171.4166667,0.997763002300144,0.998953528991854
1.105,1353,0.032441769,0.190365033,0.697855765,0.014706839,0.001141858,0,0.045797168,0.017684341,7.22695E-06,874,7.7208333,19,37,44,178.5,0.99766563677896,0.998899209352281
0.3345,1052,0.026202257,0.484893009,0.38816505,0.000504167,0.001267619,0,0.002059881,0.043538385,0.053369633,879,8.92083359,23,41,36,162.6666667,0.997178334021559,0.998972663411667
0.3295,1020,0.058755544,0.378963868,0.39801933,0.003199988,0.007880784,0,0.013009434,0.083098571,0.05707248,880,8.6875,23,41,36,162.6666667,0.996949838809537,0.998754438358138
0.33,1146,0.017035395,0.644279072,0.318181164,0.000410231,0.000208714,0,0.000798872,0.018669123,0.000417428,881,9.4416666,19,37,44,154.3333333,0.996817604390998,0.998813936291948
0.67,371,0.034984575,0.08883173,0.809330241,0.000122484,0.000214348,0,0.012263739,0.054252884,0,893,12.40416622,23,39,38,177.5,0.99584657199193,0.998411497826497
0.81,371,0.034984575,0.08883173,0.809330241,0.000122484,0.000214348,0,0.012263739,0.054252884,0,893,12.40416622,23,39,38,177.5,0.995624498935532,0.998141822389431
0.471,370,0.001358686,0.664835915,0.329592754,0.000963301,0,0,0.003249344,0,0,895,12.73333359,23,41,36,140.5,0.997632661049584,0.998956472365124
0.697,318,0.000359164,0.776614085,0.221748125,0.000653679,0,0,0.000624946,0,0,896,12.54583359,23,41,36,142.9166667,0.997997276827542,0.999082891822859
1.77,258,0.092460903,0.635094097,0.262365103,0,0.002347685,0,0.00672498,0.000992086,1.51464E-05,898,9.0041666,21,47,32,151.8333333,0.99728762976954,0.998831974633836
2.7,258,0.092460903,0.635094097,0.262365103,0,0.002347685,0,0.00672498,0.000992086,1.51464E-05,898,9.0041666,21,47,32,151.8333333,0.997312803206069,0.99892028200467
2.07,258,0.092460903,0.635094097,0.262365103,0,0.002347685,0,0.00672498,0.000992086,1.51464E-05,898,9.0041666,21,47,32,151.8333333,0.997425642988561,0.998709661688699
1.96,2095,0.001251919,0.839124444,0.113255384,0.026258809,8.66108E-05,0,0.003031377,0.016991457,0,906,7.5958333,24,47,29,207.1666667,0.997251727168497,0.9985541645637
1.78,2095,0.001251919,0.839124444,0.113255384,0.026258809,8.66108E-05,0,0.003031377,0.016991457,0,906,7.5958333,24,47,29,207.1666667,0.997081801368038,0.998558260041664
1.87,2095,0.001251919,0.839124444,0.113255384,0.026258809,8.66108E-05,0,0.003031377,0.016991457,0,906,7.5958333,24,47,29,207.1666667,0.997500970785431,0.998806621668787
2.4,2036,0.001299294,0.845580824,0.106589391,0.026584352,8.66196E-05,0,0.003047436,0.016812083,0,910,8.27499962,24,47,29,207.1666667,0.997798582728729,0.998907635816834
1.93,2036,0.001299294,0.845580824,0.106589391,0.026584352,8.66196E-05,0,0.003047436,0.016812083,0,910,8.27499962,24,47,29,207.1666667,0.997674329370877,0.998504912386923
1.75,2036,0.001299294,0.845580824,0.106589391,0.026584352,8.66196E-05,0,0.003047436,0.016812083,0,910,8.27499962,24,47,29,207.1666667,0.997644147523776,0.998340949156754
1.05,1783,0.000117863,0.896783116,0.080367105,0.008336869,0,0,0.000565744,0.013829302,0,936,9.6208334,24,47,29,201.25,0.997035086896983,0.99865807753482
1.06,1783,0.000117863,0.896783116,0.080367105,0.008336869,0,0,0.000565744,0.013829302,0,936,9.6208334,24,47,29,201.25,0.996594083708505,0.998312401292842
0.93,1783,0.000117863,0.896783116,0.080367105,0.008336869,0,0,0.000565744,0.013829302,0,936,9.6208334,24,47,29,201.25,0.99717353603946,0.998777156668957
0.631,1318,0.039639834,0.230750945,0.646807131,0.027221322,0.002290654,0,0.019319287,0.033603458,0.000367369,953,7.7166667,20,49,31,166.25,0.997306699849135,0.998899232877954
3.937,15,0.077116992,0.568978621,0.311395225,0,0.000775083,0,0.038438095,0.003295984,0,956,8.80000019,21,47,32,161.6666667,0.998016952480611,0.999119508441771
2.9,219,0.813923936,0.04988195,0.106944674,0,0.00026317,0,0.008278569,0.020707701,0,958,10.64166641,24,35,41,161.1666667,0.997138326401585,0.999099140640425
3.75,219,0.813923936,0.04988195,0.106944674,0,0.00026317,0,0.008278569,0.020707701,0,958,10.64166641,24,35,41,161.1666667,0.997288727436754,0.999139041746108
2.49,219,0.813923936,0.04988195,0.106944674,0,0.00026317,0,0.008278569,0.020707701,0,958,10.64166641,24,35,41,161.1666667,0.997301443015866,0.99912165894297
0.608,372,0.001546206,0.536699029,0.460668824,0.00021575,0,0,0.000870191,0,0,960,12.6916666,23,41,36,141.1666667,0.997675371642387,0.998970290677701
1.52,213,0.112825501,0.601758456,0.283231069,0,2.24484E-05,0,0.001189764,0.000972763,0,968,10.09166622,20,41,39,150.75,0.997111016988054,0.998839887927386
1.18,213,0.112825501,0.601758456,0.283231069,0,2.24484E-05,0,0.001189764,0.000972763,0,968,10.09166622,20,41,39,150.75,0.99711549438914,0.998857209309142
1.34,213,0.112825501,0.601758456,0.283231069,0,2.24484E-05,0,0.001189764,0.000972763,0,968,10.09166622,20,41,39,150.75,0.996766824686873,0.998544376542687
2.955,104,0.216552915,0.450728232,0.327554297,0,0.00030724,0,0.00262617,0.002231147,0,971,7.98333359,21,47,32,162.4166667,0.998021809032139,0.99920352891339
1.16,603,0.023162783,0.39813631,0.472958451,0,0.00141973,0,0.102369616,0.00195311,0,992,11.53333378,24,49,27,167.25,0.996945876843802,0.999152207561306
2.37,603,0.023162783,0.39813631,0.472958451,0,0.00141973,0,0.102369616,0.00195311,0,992,11.53333378,24,49,27,167.25,0.997588249249425,0.999242090162643
1.59,603,0.023162783,0.39813631,0.472958451,0,0.00141973,0,0.102369616,0.00195311,0,992,11.53333378,24,49,27,167.25,0.997326758041758,0.999277289909671
2.658,67,0.014124628,0.726696953,0.202472735,0,0.000207171,0,0.055899196,0.000599316,0,997,8.44999981,20,41,39,159.5,0.997949287640706,0.999145864880607
1.616,101,0.155189514,0.400158694,0.430413413,0,0.000786123,0,0.010535519,0.002916737,0,1017,7.9041667,21,47,32,156.75,0.998415146290476,0.99936228203942
1.48,100,0.184153313,0.306641583,0.484799684,0,0.000578293,0,0.021733561,0.002093566,0,1019,8.07083321,21,47,32,159.3333333,0.996792091871211,0.999061143437019
1.84,23,0.070996559,0.83255674,0.065349544,0.008902535,0.001180319,0,0.017735639,0.003278663,0,1026,14.05000019,23,39,38,212,0.997600056725081,0.998889209793527
1.79,23,0.070996559,0.83255674,0.065349544,0.008902535,0.001180319,0,0.017735639,0.003278663,0,1026,14.05000019,23,39,38,212,0.997191449813372,0.998368281910422
1.77,23,0.070996559,0.83255674,0.065349544,0.008902535,0.001180319,0,0.017735639,0.003278663,0,1026,14.05000019,23,39,38,212,0.997270574815174,0.998459059094809
0.45,153,0.013026193,0.573316183,0.329833177,0,0.010835672,0,0.071515435,0.00147334,0,1055,11.8791666,22,42,36,162.6666667,0.996797308124494,0.996827734595578
2.3,153,0.013026193,0.573316183,0.329833177,0,0.010835672,0,0.071515435,0.00147334,0,1055,11.8791666,22,42,36,162.6666667,0.996745292372094,0.997778610272458
1.62,153,0.013026193,0.573316183,0.329833177,0,0.010835672,0,0.071515435,0.00147334,0,1055,11.8791666,22,42,36,162.6666667,0.996671836757509,0.995739320240537
1.29,6,5.81043E-05,0.709694288,0.255783454,8.30062E-06,0.013687714,0,0.000996074,0.018228151,0.001543914,1073,1.26250005,4,85,11,126.75,0.996287014083348,0.998511416382118
1.23,7,5.53999E-05,0.725034427,0.241860171,7.91427E-06,0.013770834,0,0.000910141,0.016889058,0.001472055,1076,1.26250005,4,85,11,126.75,0.997997457859341,0.998485573052295
0.45,752,0.097168762,0.662612266,0.019869985,0.210529467,0.0017877,0,0.002395005,0.005636815,0,1080,19.78333282,47,22,31,209.3333333,0.998511310843474,0.999431071726951
0.45,752,0.097168762,0.662612266,0.019869985,0.210529467,0.0017877,0,0.002395005,0.005636815,0,1080,19.78333282,47,22,31,209.3333333,0.998559353965867,0.999471655449356
0.25,752,0.097168762,0.662612266,0.019869985,0.210529467,0.0017877,0,0.002395005,0.005636815,0,1080,19.78333282,47,22,31,209.3333333,0.997826561602257,0.999295682418484
4.05,30,4.15795E-05,0.753239733,0.221757148,6.92991E-06,0.01090075,0,0.000692991,0.013104461,0.000256407,1088,1.17916656,4,85,11,126.75,0.998652997220444,0.999220438440284
5.01,27,4.15947E-05,0.751977483,0.222372425,6.93246E-06,0.011098864,0,0.000700178,0.013462832,0.00033969,1088,1.17916656,4,85,11,126.75,0.998272984929479,0.998980765370531
6.36,16,0.005455521,0.717040784,0.250998096,0,0.002735113,0,0.023233757,0.000536729,0,1093,9.07916641,13,49,38,161.6666667,0.997657620582007,0.998995130838619
6.6,16,0.005455521,0.717040784,0.250998096,0,0.002735113,0,0.023233757,0.000536729,0,1093,9.07916641,13,49,38,161.6666667,0.997674511986416,0.999015106661468
7.06,16,0.005455521,0.717040784,0.250998096,0,0.002735113,0,0.023233757,0.000536729,0,1093,9.07916641,13,49,38,161.6666667,0.997727259466974,0.998996586473006
0.579,246,0.028398978,0.396336912,0.546671356,0.00448556,4.30614E-05,0,0.023827295,0.000236838,0,1097,12.89166641,24,42,34,136.8333333,0.997541526075859,0.999060753756561
11.75,73,0.000117074,0.670924689,0.231819394,1.95123E-05,0.083707862,0,0.001157731,0.012071623,0.000182115,1100,1.13333333,4,85,11,126.25,0.998714434149914,0.999175085622908
5.74,470,0,0.923171233,0.062186217,1.55194E-05,0.013843301,0,3.10388E-05,4.65582E-05,0.000706132,1101,-1.49583328,4,85,11,117.5833333,0.998377577161194,0.998977215804954
4.77,451,0,0.948837817,0.031940069,0,0.017639629,0,0,0.000667838,0.000914647,1103,-1.45000005,4,85,11,119.6666667,0.998283678501642,0.998956214375827
7.58,417,0,0.906269386,0.078339569,0,0.012485226,0,4.57095E-05,0.002683801,0.000176308,1103,-1.00833333,9,73,18,119.5833333,0.998403633577118,0.999064960300172
0.45,954,0.171717085,0.549294933,0.081150983,0.173629131,0.001638896,0,0.004694756,0.017874215,0,1105,18.64583397,23,43,34,198.0833333,0.998505669992063,0.999444665383828
0.25,954,0.171717085,0.549294933,0.081150983,0.173629131,0.001638896,0,0.004694756,0.017874215,0,1105,18.64583397,23,43,34,198.0833333,0.997886753778467,0.999329126531442
0.15,954,0.171717085,0.549294933,0.081150983,0.173629131,0.001638896,0,0.004694756,0.017874215,0,1105,18.64583397,23,43,34,198.0833333,0.99677811656819,0.999077262064722
8.24,513,0,0.93918448,0.040598199,0,0.018780845,0,0,0.000490677,0.000945798,1107,-1.5916667,4,85,11,119.6666667,0.998279061905059,0.998953912901329
3.97,467,0,0.946319732,0.033705049,0,0.01844252,0,0,0.000630269,0.00090243,1108,-1.51249993,4,85,11,119.6666667,0.998368932170806,0.999046635950465
2.89,35,0,0.782274317,0.195403649,9.03726E-06,0.009886763,0,0.002882886,0.009407788,0.000135559,1108,1.56666672,4,85,11,125.1666667,0.997892293680921,0.998889152825548
9.74,71,0.000186226,0.704446144,0.270526421,1.99528E-05,0.019553723,0,0.001296931,0.003957301,1.33019E-05,1110,1.08749998,4,85,11,126.25,0.998339019145994,0.999049877658437
5.4,1,0.158813126,0.690148491,0.100336205,0.000148841,0.046946137,0,0.000752959,0.002854241,0,1111,14.4958334,23,47,30,170.5,0.997390878128669,0.998865052641712
3.61,1,0.158813126,0.690148491,0.100336205,0.000148841,0.046946137,0,0.000752959,0.002854241,0,1111,14.4958334,23,47,30,170.5,0.997408254105785,0.998836625021437
3.88,1,0.158813126,0.690148491,0.100336205,0.000148841,0.046946137,0,0.000752959,0.002854241,0,1111,14.4958334,23,47,30,170.5,0.997352349532295,0.989143387226404
4.98,570,0,0.926305254,0.054856312,1.37107E-05,0.017988373,0,0,0,0.00083635,1113,-1.83749998,4,85,11,117,0.99839979682351,0.999071740681367
3.86,101,2.04491E-05,0.720386351,0.236179843,2.04491E-05,0.039541668,0,0.000770248,0.002978747,0.000102245,1113,0.92916673,4,85,11,126.25,0.998787010799799,0.999286922310077
5.54,375,0,0.945207103,0.043132452,6.5841E-06,0.010672829,0,9.87615E-05,0.000151434,0.000730835,1114,-0.88333333,9,73,18,121.0833333,0.998304105404589,0.998968697964116
0.4,715,0.093329225,0.69874939,0.017231196,0.179356805,0.001309674,0,0.001472313,0.008551398,0,1116,20.10833359,47,22,31,212.4166667,0.998454688674574,0.99941431755256
0.3,715,0.093329225,0.69874939,0.017231196,0.179356805,0.001309674,0,0.001472313,0.008551398,0,1116,20.10833359,47,22,31,212.4166667,0.998278672949944,0.999396656963481
0.2,715,0.093329225,0.69874939,0.017231196,0.179356805,0.001309674,0,0.001472313,0.008551398,0,1116,20.10833359,47,22,31,212.4166667,0.997092225030155,0.999127191721496
8.22,131,0,0.913012073,0.077733206,5.80435E-05,0.009028996,0,0,9.67392E-05,7.09421E-05,1118,0.90833324,4,85,11,122.5,0.998630176729575,0.99914564523387
6.87,370,0,0.953899695,0.033434926,0,0.011437897,0,6.97433E-06,0.000990355,0.000230153,1121,-0.85833335,9,73,18,123.4166667,0.998697869912191,0.999220856963911
11.98,146,0,0.949904017,0.037192672,4.61775E-05,0.012487713,0,0,0.000296855,7.25646E-05,1121,0.72916675,4,85,11,122.5,0.99895526607325,0.999337118955234
56.14,104,0,0.7710951,0.212675122,0,0.015513855,0,4.59767E-05,0.000663378,6.5681E-06,1121,0.93333328,4,85,11,128.4166667,0.998869331755761,0.999297887114828
7.91,152,0,0.942931645,0.045045583,5.30807E-05,0.011657842,0,1.32702E-05,0.000225593,7.29859E-05,1122,0.6541667,4,85,11,122.5,0.998579444917673,0.999144786159954
1.41,229,0.001763407,0.945909825,0.038033895,0,0.001178698,0,0.004176489,0.008937687,0,1123,7.54583311,5,85,10,154.9166667,0.996639464111314,0.998513378341071
2.02,229,0.001763407,0.945909825,0.038033895,0,0.001178698,0,0.004176489,0.008937687,0,1123,7.54583311,5,85,10,154.9166667,0.997348956130107,0.998811071398789
2.07,229,0.001763407,0.945909825,0.038033895,0,0.001178698,0,0.004176489,0.008937687,0,1123,7.54583311,5,85,10,154.9166667,0.997300201716861,0.99880682706692
6.56,399,0,0.970175404,0.01407594,0,0.014624697,0,0,0.000370245,0.000753714,1125,-1.02083337,9,73,18,115,0.998318549183913,0.998964269730434
12,136,5.86201E-05,0.924223772,0.062234988,1.954E-05,0.01208225,0,3.25667E-05,0.001283128,6.51334E-05,1125,0.82083344,4,85,11,122.25,0.998731051714082,0.99922082816421
0.45,892,0.058886922,0.744258846,0.022665264,0.158682507,0.001385575,0,0.003549466,0.010571421,0,1125,19.66666603,47,22,31,206.5833333,0.998216527766608,0.999361334254734
0.5,892,0.058886922,0.744258846,0.022665264,0.158682507,0.001385575,0,0.003549466,0.010571421,0,1125,19.66666603,47,22,31,206.5833333,0.9983858625533,0.999404519302161
0.25,892,0.058886922,0.744258846,0.022665264,0.158682507,0.001385575,0,0.003549466,0.010571421,0,1125,19.66666603,47,22,31,206.5833333,0.997504312530961,0.999278461286447
26.15,95,0,0.776907408,0.207118109,0,0.014749707,0,4.58472E-05,0.001165829,1.30992E-05,1126,0.96249992,4,85,11,128.4166667,0.998723174464926,0.999229209894594
0.6015,1691,0.04681767,0.272152082,0.51075463,0.006023748,0.003914714,0,0.031527172,0.121825615,0.00698437,1127,6.1833334,23,41,36,161.9166667,0.997748005724818,0.99895955407423
5.94,388,0,0.964484162,0.023495295,0,0.010797446,0,4.60305E-05,0.000434002,0.000743064,1130,-1.05416667,9,73,18,115,0.99870852994479,0.999174904752047
6.07,423,0,0.946168554,0.04150343,6.68548E-06,0.011405421,0,9.35967E-05,0.000140395,0.000681918,1131,-1.16666663,9,73,18,124.3333333,0.998624672316134,0.999162607438135
8.59,201,0.000218091,0.646345688,0.335969672,0,0.015670503,0,0.000833879,0.000949339,1.28289E-05,1132,0.74166667,4,85,11,126.5833333,0.998495633604024,0.999114816912973
23.09,166,0,0.914168354,0.07179567,0.000421793,0.013140477,0,0,1.29782E-05,0.000460728,1132,0.99999994,4,85,11,125.25,0.99883591121336,0.99927964285669
4.175223666,1,0.482796455,0.255190425,0.213334776,4.63603E-05,0.031045966,0,0.01364539,0.003940628,0,1132,13.01249981,23,34,43,166.25,0.999074167875196,0.99967343366371
5.218161044,1,0.482796455,0.255190425,0.213334776,4.63603E-05,0.031045966,0,0.01364539,0.003940628,0,1132,13.01249981,23,34,43,166.25,0.999098494478238,0.999700566132817
3.60234653,1,0.482796455,0.255190425,0.213334776,4.63603E-05,0.031045966,0,0.01364539,0.003940628,0,1132,13.01249981,23,34,43,166.25,0.998941764990923,0.999675465056602
4.645403492,1,0.482796455,0.255190425,0.213334776,4.63603E-05,0.031045966,0,0.01364539,0.003940628,0,1132,13.01249981,23,34,43,166.25,0.999135885172533,0.999740824184226
3.34693198,1,0.482796455,0.255190425,0.213334776,4.63603E-05,0.031045966,0,0.01364539,0.003940628,0,1132,13.01249981,23,34,43,166.25,0.998873286199556,0.999640972706394
10.53,119,9.87628E-05,0.846726671,0.114867757,1.97526E-05,0.022880056,0,0.000441141,0.014926356,3.95051E-05,1133,0.85416669,4,85,11,123.3333333,0.998693757776405,0.999254567442813
11.03,119,9.21271E-05,0.846206996,0.115125951,1.97415E-05,0.022933063,0,0.000440894,0.015141744,3.9483E-05,1133,0.85416669,4,85,11,123.3333333,0.998768687485449,0.999210640783231
0.4,785,0.084680358,0.743060498,0.018093727,0.135762981,0.002092355,0,0.002675471,0.01363461,0,1134,20.84583282,47,22,31,213.8333333,0.998315428534263,0.999375389856492
0.3,785,0.084680358,0.743060498,0.018093727,0.135762981,0.002092355,0,0.002675471,0.01363461,0,1134,20.84583282,47,22,31,213.8333333,0.998284638282359,0.999391814615826
0.25,785,0.084680358,0.743060498,0.018093727,0.135762981,0.002092355,0,0.002675471,0.01363461,0,1134,20.84583282,47,22,31,213.8333333,0.997028212165797,0.999141272507345
5.61,421,0,0.938530195,0.047977072,0,0.012916904,0,0,0,0.00057583,1137,-1.04999995,9,73,18,117.25,0.998465479704397,0.999091889324698
1.49121835,8,0.466440425,0.281398762,0.217083039,1.55314E-05,0.020113224,0,0.011819431,0.003129587,0,1137,13,10,81,9,167.0833333,0.99836612019862,0.999386955192401
1.448682422,8,0.466440425,0.281398762,0.217083039,1.55314E-05,0.020113224,0,0.011819431,0.003129587,0,1137,13,10,81,9,167.0833333,0.998439585085235,0.999467909428563
2.03729937,8,0.466440425,0.281398762,0.217083039,1.55314E-05,0.020113224,0,0.011819431,0.003129587,0,1137,13,10,81,9,167.0833333,0.998554063693434,0.989087621112645
0.542531692,8,0.466440425,0.281398762,0.217083039,1.55314E-05,0.020113224,0,0.011819431,0.003129587,0,1137,13,10,81,9,167.0833333,0.998483340143278,0.993835849600503
1.205894597,8,0.466440425,0.281398762,0.217083039,1.55314E-05,0.020113224,0,0.011819431,0.003129587,0,1137,13,10,81,9,167.0833333,0.998366969774626,0.988536924818642
0.35,777,0.078880385,0.77371168,0.016137741,0.11429257,0.001782608,0,0.002862456,0.012332559,0,1139,20.78750038,47,22,31,213.8333333,0.998144697839202,0.999385631772435
0.3,777,0.078880385,0.77371168,0.016137741,0.11429257,0.001782608,0,0.002862456,0.012332559,0,1139,20.78750038,47,22,31,213.8333333,0.9980652389731,0.999297764446203
0.2,777,0.078880385,0.77371168,0.016137741,0.11429257,0.001782608,0,0.002862456,0.012332559,0,1139,20.78750038,47,22,31,213.8333333,0.997393083020508,0.999237966942731
3.86,45,0.002042156,0.598008898,0.209087594,4.37605E-05,0.000335497,0,0.190095544,0.000386551,0,1142,9.47083282,13,49,38,157.75,0.995787308412413,0.998371721297725
2.56,45,0.002042156,0.598008898,0.209087594,4.37605E-05,0.000335497,0,0.190095544,0.000386551,0,1142,9.47083282,13,49,38,157.75,0.996117183590932,0.998399516429673
3.58,45,0.002042156,0.598008898,0.209087594,4.37605E-05,0.000335497,0,0.190095544,0.000386551,0,1142,9.47083282,13,49,38,157.75,0.997007050104744,0.998683670047862
1.62,111,0.00207556,0.284969744,0.290715686,0,0.002998878,0,0.419034102,0.00020603,0,1143,12.89166641,24,49,27,163.75,0.993711324531002,0.998043039341506
1.52,111,0.00207556,0.284969744,0.290715686,0,0.002998878,0,0.419034102,0.00020603,0,1143,12.89166641,24,49,27,163.75,0.99535487650444,0.998587227902544
1.43,111,0.00207556,0.284969744,0.290715686,0,0.002998878,0,0.419034102,0.00020603,0,1143,12.89166641,24,49,27,163.75,0.99624185044566,0.998807828237285
18.16,404,0,0.906407134,0.078586581,9.16614E-05,0.013965273,0,0,0.000157134,0.000792217,1145,-0.82916665,9,73,18,121.5,0.998802998144718,0.999241596135797
14.2,126,5.76786E-05,0.756525696,0.199946167,0,0.026589847,0,7.69048E-05,0.016790889,1.28175E-05,1148,0.88749993,4,85,11,123.3333333,0.998928398213727,0.999333156604233
4.34,395,0,0.872726319,0.107176801,0.000117986,0.01888425,0,0,0.000144205,0.000950439,1149,-0.73333329,9,73,18,123.75,0.998637868153961,0.999164628648458
25.09,395,0,0.867911213,0.111780503,0.000137218,0.019138662,0,0,0.000143752,0.000888651,1149,-0.73333329,9,73,18,123.75,0.998908283112954,0.999307242940035
13.63,396,0,0.867931803,0.111803799,0.000137231,0.019101204,0,0,0.000143765,0.000882197,1149,-0.73333329,9,73,18,123.75,0.998806527185523,0.999254903498205
0.35,1043,0.157674403,0.622665962,0.044770902,0.147647631,0.001833126,0,0.003845301,0.021562676,0,1160,18.00833321,23,43,34,198.0833333,0.998587754089149,0.999470309868229
0.6,1043,0.157674403,0.622665962,0.044770902,0.147647631,0.001833126,0,0.003845301,0.021562676,0,1160,18.00833321,23,43,34,198.0833333,0.998499360326412,0.999391537021742
0.2,1043,0.157674403,0.622665962,0.044770902,0.147647631,0.001833126,0,0.003845301,0.021562676,0,1160,18.00833321,23,43,34,198.0833333,0.99747810041864,0.999213281440363
0.2915,1671,0.05071168,0.301623812,0.446786265,0.000793159,0.003352898,0,0.010902326,0.093398036,0.092431824,1162,6.02083349,23,41,36,166.25,0.996620659243566,0.998738181105411
9.05,548,0,0.938237942,0.049889757,0,0.011259116,0,0,0.000163081,0.000450104,1166,-1.62916672,9,73,18,117.25,0.998787424118599,0.999243211690073
2.15,532,0.001545243,0.937606369,0.054987859,1.42419E-05,0.000868754,0,0.004286803,0.000690731,0,1169,5.30000019,4,85,11,147.8333333,0.996676387054975,0.998433674213091
1.36,532,0.001545243,0.937606369,0.054987859,1.42419E-05,0.000868754,0,0.004286803,0.000690731,0,1169,5.30000019,4,85,11,147.8333333,0.997002373640708,0.998582084413537
1.77,532,0.001545243,0.937606369,0.054987859,1.42419E-05,0.000868754,0,0.004286803,0.000690731,0,1169,5.30000019,4,85,11,147.8333333,0.996829980652488,0.998343117694875
4.23,432,0.000475208,0.956600187,0.040400065,0,0.001388497,0,0.001046942,8.91014E-05,0,1177,6.13333321,4,85,11,149.6666667,0.998117032036507,0.999099151091571
0.56,79,0.008111173,0.874946583,0.100276125,3.2872E-05,0.000821801,0,0.013789816,0.00202163,0,1178,17.39583397,23,47,30,182.0833333,0.997960910267194,0.999031472431353
4.13,79,0.008111173,0.874946583,0.100276125,3.2872E-05,0.000821801,0,0.013789816,0.00202163,0,1178,17.39583397,23,47,30,182.0833333,0.998289885305454,0.996366242863956
4.05,79,0.008111173,0.874946583,0.100276125,3.2872E-05,0.000821801,0,0.013789816,0.00202163,0,1178,17.39583397,23,47,30,182.0833333,0.99811220137104,0.996022933258883
0.96,119,0.135562048,0.331014804,0.496541128,0,0.001922436,0,0.032053223,0.002906361,0,1180,11.34166622,24,49,27,165.0833333,0.996469212483004,0.99823062650266
0.98,119,0.135562048,0.331014804,0.496541128,0,0.001922436,0,0.032053223,0.002906361,0,1180,11.34166622,24,49,27,165.0833333,0.996445892140266,0.99879893784049
0.87,119,0.135562048,0.331014804,0.496541128,0,0.001922436,0,0.032053223,0.002906361,0,1180,11.34166622,24,49,27,165.0833333,0.995875672099432,0.998215302117052
0.69,119,0.135562048,0.331014804,0.496541128,0,0.001922436,0,0.032053223,0.002906361,0,1180,11.34166622,24,49,27,165.0833333,0.996530894130557,0.998804651490065
0.8,119,0.135562048,0.331014804,0.496541128,0,0.001922436,0,0.032053223,0.002906361,0,1180,11.34166622,24,49,27,165.0833333,0.995052738928959,0.996013854868856
0.1,3955,5.48918E-05,0.000951457,0.212001171,0.000137229,2.74459E-05,0.000118932,9.14863E-06,0.504565166,0.282134558,1193,0.67916662,23,43,34,229.0833333,0.996128414878712,0.999310214945715
6.6,791,0.00222499,0.797999455,0.194955825,1.29737E-05,7.78422E-05,0,0.004709454,6.48685E-06,1.29737E-05,1208,6.13333321,40,20,40,127.25,0.998259694211498,0.999241584245321
4.1,791,0.00222499,0.797999455,0.194955825,1.29737E-05,7.78422E-05,0,0.004709454,6.48685E-06,1.29737E-05,1208,6.13333321,40,20,40,127.25,0.998396630767203,0.999087521276676
4.7,791,0.00222499,0.797999455,0.194955825,1.29737E-05,7.78422E-05,0,0.004709454,6.48685E-06,1.29737E-05,1208,6.13333321,40,20,40,127.25,0.99831842902073,0.999238315046955
3.4,791,0.00222499,0.797999455,0.194955825,1.29737E-05,7.78422E-05,0,0.004709454,6.48685E-06,1.29737E-05,1208,6.13333321,40,20,40,127.25,0.998308913416519,0.999231072339239
5.3,791,0.00222499,0.797999455,0.194955825,1.29737E-05,7.78422E-05,0,0.004709454,6.48685E-06,1.29737E-05,1208,6.13333321,40,20,40,127.25,0.998346773514466,0.999216075293118
2.2,791,0.00222499,0.797999455,0.194955825,1.29737E-05,7.78422E-05,0,0.004709454,6.48685E-06,1.29737E-05,1208,6.13333321,40,20,40,127.25,0.998239250060078,0.999216752385642
4,791,0.00222499,0.797999455,0.194955825,1.29737E-05,7.78422E-05,0,0.004709454,6.48685E-06,1.29737E-05,1208,6.13333321,40,20,40,127.25,0.998294896927888,0.999279417120438
2.5,791,0.00222499,0.797999455,0.194955825,1.29737E-05,7.78422E-05,0,0.004709454,6.48685E-06,1.29737E-05,1208,6.13333321,40,20,40,127.25,0.998159076989047,0.999230758864282
4.8,791,0.00222499,0.797999455,0.194955825,1.29737E-05,7.78422E-05,0,0.004709454,6.48685E-06,1.29737E-05,1208,6.13333321,40,20,40,127.25,0.998008925626768,0.999170406700146
4.5,791,0.00222499,0.797999455,0.194955825,1.29737E-05,7.78422E-05,0,0.004709454,6.48685E-06,1.29737E-05,1208,6.13333321,40,20,40,127.25,0.998038836238068,0.999165602244686
1.6,791,0.00222499,0.797999455,0.194955825,1.29737E-05,7.78422E-05,0,0.004709454,6.48685E-06,1.29737E-05,1208,6.13333321,40,20,40,127.25,0.997827865729127,0.99912266581908
2.6,785,0.002361321,0.801285752,0.191111313,1.29743E-05,7.78457E-05,0,0.005137819,6.48715E-06,6.48715E-06,1208,6.13333321,40,20,40,127.25,0.998409938937497,0.999267112831309
5.3,785,0.002361321,0.801285752,0.191111313,1.29743E-05,7.78457E-05,0,0.005137819,6.48715E-06,6.48715E-06,1208,6.13333321,40,20,40,127.25,0.998339641258708,0.999241277227731
3.8,785,0.002361321,0.801285752,0.191111313,1.29743E-05,7.78457E-05,0,0.005137819,6.48715E-06,6.48715E-06,1208,6.13333321,40,20,40,127.25,0.99838807368646,0.999258063858082
1.8,785,0.002361321,0.801285752,0.191111313,1.29743E-05,7.78457E-05,0,0.005137819,6.48715E-06,6.48715E-06,1208,6.13333321,40,20,40,127.25,0.997828756091591,0.999129631165564
4.6,785,0.002361321,0.801285752,0.191111313,1.29743E-05,7.78457E-05,0,0.005137819,6.48715E-06,6.48715E-06,1208,6.13333321,40,20,40,127.25,0.998081488698576,0.999171894722312
3.2,785,0.002361321,0.801285752,0.191111313,1.29743E-05,7.78457E-05,0,0.005137819,6.48715E-06,6.48715E-06,1208,6.13333321,40,20,40,127.25,0.998221049411103,0.999215707581448
5.4,785,0.002361321,0.801285752,0.191111313,1.29743E-05,7.78457E-05,0,0.005137819,6.48715E-06,6.48715E-06,1208,6.13333321,40,20,40,127.25,0.998357806675202,0.99923627365491
2.8,785,0.002361321,0.801285752,0.191111313,1.29743E-05,7.78457E-05,0,0.005137819,6.48715E-06,6.48715E-06,1208,6.13333321,40,20,40,127.25,0.998152872701573,0.999213312532194
3.2,785,0.002361321,0.801285752,0.191111313,1.29743E-05,7.78457E-05,0,0.005137819,6.48715E-06,6.48715E-06,1208,6.13333321,40,20,40,127.25,0.998313044530048,0.999274124102733
4.7,785,0.002361321,0.801285752,0.191111313,1.29743E-05,7.78457E-05,0,0.005137819,6.48715E-06,6.48715E-06,1208,6.13333321,40,20,40,127.25,0.998029653815153,0.999163821178377
4.5,785,0.002361321,0.801285752,0.191111313,1.29743E-05,7.78457E-05,0,0.005137819,6.48715E-06,6.48715E-06,1208,6.13333321,40,20,40,127.25,0.998163113468932,0.999195339815298
5.4,788,0.001783815,0.79359643,0.200526712,1.29732E-05,7.78392E-05,0,0.003969798,6.4866E-06,2.59464E-05,1208,6.13333321,40,20,40,127.25,0.99839308519956,0.999278340007407
4.1,788,0.001783815,0.79359643,0.200526712,1.29732E-05,7.78392E-05,0,0.003969798,6.4866E-06,2.59464E-05,1208,6.13333321,40,20,40,127.25,0.998290023561558,0.999243214736402
1.8,788,0.001783815,0.79359643,0.200526712,1.29732E-05,7.78392E-05,0,0.003969798,6.4866E-06,2.59464E-05,1208,6.13333321,40,20,40,127.25,0.998065523325332,0.999186439872907
3.2,788,0.001783815,0.79359643,0.200526712,1.29732E-05,7.78392E-05,0,0.003969798,6.4866E-06,2.59464E-05,1208,6.13333321,40,20,40,127.25,0.998021260938731,0.999109857649077
4.9,788,0.001783815,0.79359643,0.200526712,1.29732E-05,7.78392E-05,0,0.003969798,6.4866E-06,2.59464E-05,1208,6.13333321,40,20,40,127.25,0.99833475825675,0.999244253581079
2.2,788,0.001783815,0.79359643,0.200526712,1.29732E-05,7.78392E-05,0,0.003969798,6.4866E-06,2.59464E-05,1208,6.13333321,40,20,40,127.25,0.998355524469323,0.999257235609304
3.3,788,0.001783815,0.79359643,0.200526712,1.29732E-05,7.78392E-05,0,0.003969798,6.4866E-06,2.59464E-05,1208,6.13333321,40,20,40,127.25,0.998160688132905,0.999253458429577
2.3,788,0.001783815,0.79359643,0.200526712,1.29732E-05,7.78392E-05,0,0.003969798,6.4866E-06,2.59464E-05,1208,6.13333321,40,20,40,127.25,0.997877835495335,0.999141768171461
5.1,788,0.001783815,0.79359643,0.200526712,1.29732E-05,7.78392E-05,0,0.003969798,6.4866E-06,2.59464E-05,1208,6.13333321,40,20,40,127.25,0.998009010750805,0.999153195274864
4.3,788,0.001783815,0.79359643,0.200526712,1.29732E-05,7.78392E-05,0,0.003969798,6.4866E-06,2.59464E-05,1208,6.13333321,40,20,40,127.25,0.998159259199296,0.999203652671285
4.6,788,0.001783815,0.79359643,0.200526712,1.29732E-05,7.78392E-05,0,0.003969798,6.4866E-06,2.59464E-05,1208,6.13333321,40,20,40,127.25,0.998159931099742,0.999183197271018
0.3,798,0.000940459,0.789629005,0.206297834,1.29719E-05,7.78311E-05,0,0.00297704,6.48593E-06,5.83733E-05,1219,6.05416679,20,42,38,127.25,0.996178172237209,0.998671105648559
10.2,790,0.001576233,0.793150196,0.201316771,1.29731E-05,7.78387E-05,0,0.003820582,6.48656E-06,3.89193E-05,1219,6.05416679,20,42,38,127.25,0.998794463832057,0.999412222934419
25.2,790,0.00124537,0.791763691,0.203293745,1.29726E-05,7.78357E-05,0,0.003560981,6.4863E-06,3.89178E-05,1219,6.05416679,20,42,38,127.25,0.998712765479935,0.999372063562889
0.45,292,0.001744305,0.761705657,0.169642246,1.7101E-05,0.014364868,0,0.051337301,0.001188522,0,1220,14.01666641,24,49,27,162.9166667,0.996911651543341,0.997895232257444
0.45,292,0.001744305,0.761705657,0.169642246,1.7101E-05,0.014364868,0,0.051337301,0.001188522,0,1220,14.01666641,24,49,27,162.9166667,0.994854703079918,0.9934624340405
4.8,818,0.000265907,0.759567803,0.239705816,0,7.78266E-05,0,0.000324277,0,5.83699E-05,1230,6.0291667,20,42,38,127.25,0.998461303592404,0.999292299646575
3.9,818,0.000265907,0.759567803,0.239705816,0,7.78266E-05,0,0.000324277,0,5.83699E-05,1230,6.0291667,20,42,38,127.25,0.998136466246582,0.99914971321647
2,818,0.000265907,0.759567803,0.239705816,0,7.78266E-05,0,0.000324277,0,5.83699E-05,1230,6.0291667,20,42,38,127.25,0.998137699460349,0.999230620100724
3.6,818,0.000265907,0.759567803,0.239705816,0,7.78266E-05,0,0.000324277,0,5.83699E-05,1230,6.0291667,20,42,38,127.25,0.99811734198543,0.999169493558222
2.8,818,0.000265907,0.759567803,0.239705816,0,7.78266E-05,0,0.000324277,0,5.83699E-05,1230,6.0291667,20,42,38,127.25,0.998151447708872,0.999179794101911
3.6,818,0.000265907,0.759567803,0.239705816,0,7.78266E-05,0,0.000324277,0,5.83699E-05,1230,6.0291667,20,42,38,127.25,0.998390064459496,0.999226900832255
3.3,818,0.000265907,0.759567803,0.239705816,0,7.78266E-05,0,0.000324277,0,5.83699E-05,1230,6.0291667,20,42,38,127.25,0.998190456714289,0.999225423764694
3.2,818,0.000265907,0.759567803,0.239705816,0,7.78266E-05,0,0.000324277,0,5.83699E-05,1230,6.0291667,20,42,38,127.25,0.99824168051614,0.999283191798876
2.3,818,0.000265907,0.759567803,0.239705816,0,7.78266E-05,0,0.000324277,0,5.83699E-05,1230,6.0291667,20,42,38,127.25,0.998144973555327,0.999213723716622
4.6,818,0.000265907,0.759567803,0.239705816,0,7.78266E-05,0,0.000324277,0,5.83699E-05,1230,6.0291667,20,42,38,127.25,0.998002708118618,0.999171198813753
3.6,818,0.000265907,0.759567803,0.239705816,0,7.78266E-05,0,0.000324277,0,5.83699E-05,1230,6.0291667,20,42,38,127.25,0.997772835183404,0.999059131874566
2.58,239,0.00173798,0.767923912,0.205105514,0,0.003794855,0,0.020831839,0.000605901,0,1244,13.91666698,24,49,27,163.8333333,0.997569903073438,0.999212705792416
3.18,239,0.00173798,0.767923912,0.205105514,0,0.003794855,0,0.020831839,0.000605901,0,1244,13.91666698,24,49,27,163.8333333,0.997838611176046,0.999241874048597
3.33,239,0.00173798,0.767923912,0.205105514,0,0.003794855,0,0.020831839,0.000605901,0,1244,13.91666698,24,49,27,163.8333333,0.997797025030615,0.999239926543028
12.99,10,0,0.833130681,0.032984,0.05051821,0.083367109,0,0,0,0,1246,24.03333282,10,75,15,200.0833333,0.997677708563243,0.998968185269973
12.17,10,0,0.833130681,0.032984,0.05051821,0.083367109,0,0,0,0,1246,24.03333282,10,75,15,200.0833333,0.997716052985424,0.999012030375379
15.06,10,0,0.833130681,0.032984,0.05051821,0.083367109,0,0,0,0,1246,24.03333282,10,75,15,200.0833333,0.99766165488186,0.998982682379119
4.03,171,0.002860038,0.527505393,0.284459371,4.08577E-05,0.011873243,0,0.172403086,0.000858011,0,1256,16.69583321,24,49,27,179.5,0.997673525535919,0.999103806660653
3.83,171,0.002860038,0.527505393,0.284459371,4.08577E-05,0.011873243,0,0.172403086,0.000858011,0,1256,16.69583321,24,49,27,179.5,0.997442206976681,0.998997547918321
2.64,171,0.002860038,0.527505393,0.284459371,4.08577E-05,0.011873243,0,0.172403086,0.000858011,0,1256,16.69583321,24,49,27,179.5,0.99786168575828,0.999138818104843
2.26,12,0.009652053,0.779475581,0.14158974,0.002244256,0.028105796,0,0.034970062,0.003962514,0,1264,19.36666679,10,76,14,185,0.997115588458779,0.998821682673565
2.52,12,0.009652053,0.779475581,0.14158974,0.002244256,0.028105796,0,0.034970062,0.003962514,0,1264,19.36666679,10,76,14,185,0.996940220532045,0.998805541859027
2.04,12,0.009652053,0.779475581,0.14158974,0.002244256,0.028105796,0,0.034970062,0.003962514,0,1264,19.36666679,10,76,14,185,0.997077413093547,0.998713618972568
2.56,129,0.013855343,0.872459974,0.106670234,6.50825E-05,5.06197E-05,0,0.00587912,0.001019626,0,1267,11.61666679,24,49,27,164.6666667,0.997658833797563,0.998302975556841
2.47,129,0.013855343,0.872459974,0.106670234,6.50825E-05,5.06197E-05,0,0.00587912,0.001019626,0,1267,11.61666679,24,49,27,164.6666667,0.9977844567645,0.998222900746699
2.27,129,0.013855343,0.872459974,0.106670234,6.50825E-05,5.06197E-05,0,0.00587912,0.001019626,0,1267,11.61666679,24,49,27,164.6666667,0.997653780699218,0.997562633255331
1.9,826,9.07935E-05,0.744818283,0.254695323,0,7.7823E-05,0,0.00025941,0,5.83673E-05,1283,5.7750001,20,42,38,117.25,0.998136977728776,0.99921362016069
3.5,826,9.07935E-05,0.744818283,0.254695323,0,7.7823E-05,0,0.00025941,0,5.83673E-05,1283,5.7750001,20,42,38,117.25,0.998008466270671,0.999098934163103
2.6,826,9.07935E-05,0.744818283,0.254695323,0,7.7823E-05,0,0.00025941,0,5.83673E-05,1283,5.7750001,20,42,38,117.25,0.998137336678561,0.999175067580347
3.2,826,9.07935E-05,0.744818283,0.254695323,0,7.7823E-05,0,0.00025941,0,5.83673E-05,1283,5.7750001,20,42,38,117.25,0.998291616825286,0.999140223377596
2.5,826,9.07935E-05,0.744818283,0.254695323,0,7.7823E-05,0,0.00025941,0,5.83673E-05,1283,5.7750001,20,42,38,117.25,0.998036227247815,0.999182820209739
3.1,826,9.07935E-05,0.744818283,0.254695323,0,7.7823E-05,0,0.00025941,0,5.83673E-05,1283,5.7750001,20,42,38,117.25,0.998283148231449,0.999264846565995
4.7,826,9.07935E-05,0.744818283,0.254695323,0,7.7823E-05,0,0.00025941,0,5.83673E-05,1283,5.7750001,20,42,38,117.25,0.998102560172107,0.999178954621216
3.8,826,9.07935E-05,0.744818283,0.254695323,0,7.7823E-05,0,0.00025941,0,5.83673E-05,1283,5.7750001,20,42,38,117.25,0.997861362682268,0.999083146244826
4.9,826,9.07935E-05,0.744818283,0.254695323,0,7.7823E-05,0,0.00025941,0,5.83673E-05,1283,5.7750001,20,42,38,117.25,0.998119614182786,0.999174548708208
3.9,826,9.07935E-05,0.744818283,0.254695323,0,7.7823E-05,0,0.00025941,0,5.83673E-05,1283,5.7750001,20,42,38,117.25,0.998351328736444,0.999239530790666
2.2,826,9.07935E-05,0.744818283,0.254695323,0,7.7823E-05,0,0.00025941,0,5.83673E-05,1283,5.7750001,20,42,38,117.25,0.998228862324333,0.999212469978314
4.6,869,9.07906E-05,0.730423279,0.269116283,0,7.78205E-05,0,0.000214006,0,7.78205E-05,1283,5.7750001,20,42,38,117.25,0.998119449742119,0.999172165410611
3.9,869,9.07906E-05,0.730423279,0.269116283,0,7.78205E-05,0,0.000214006,0,7.78205E-05,1283,5.7750001,20,42,38,117.25,0.998360243785535,0.999271588240784
2,869,9.07906E-05,0.730423279,0.269116283,0,7.78205E-05,0,0.000214006,0,7.78205E-05,1283,5.7750001,20,42,38,117.25,0.997936595065288,0.999172295029187
3.6,869,9.07906E-05,0.730423279,0.269116283,0,7.78205E-05,0,0.000214006,0,7.78205E-05,1283,5.7750001,20,42,38,117.25,0.998132651656424,0.999163379417344
2.5,869,9.07906E-05,0.730423279,0.269116283,0,7.78205E-05,0,0.000214006,0,7.78205E-05,1283,5.7750001,20,42,38,117.25,0.998183430199524,0.999218685895327
3,869,9.07906E-05,0.730423279,0.269116283,0,7.78205E-05,0,0.000214006,0,7.78205E-05,1283,5.7750001,20,42,38,117.25,0.998199659670051,0.999204223581817
3,869,9.07906E-05,0.730423279,0.269116283,0,7.78205E-05,0,0.000214006,0,7.78205E-05,1283,5.7750001,20,42,38,117.25,0.998324500520687,0.999246038183131
3,869,9.07906E-05,0.730423279,0.269116283,0,7.78205E-05,0,0.000214006,0,7.78205E-05,1283,5.7750001,20,42,38,117.25,0.998081167129201,0.999201289116145
2.6,869,9.07906E-05,0.730423279,0.269116283,0,7.78205E-05,0,0.000214006,0,7.78205E-05,1283,5.7750001,20,42,38,117.25,0.997970649649058,0.999151159749975
4.8,869,9.07906E-05,0.730423279,0.269116283,0,7.78205E-05,0,0.000214006,0,7.78205E-05,1283,5.7750001,20,42,38,117.25,0.998096573018029,0.999152324518458
3.5,869,9.07906E-05,0.730423279,0.269116283,0,7.78205E-05,0,0.000214006,0,7.78205E-05,1283,5.7750001,20,42,38,117.25,0.998070571419411,0.999167350283178
12.83,5,0.002584897,0.958278277,0.030176401,9.0843E-05,0.008630087,0,0.000181686,5.78092E-05,0,1286,17.84166718,23,34,43,177.75,0.99765922970646,0.998769647396948
13.02,5,0.002584897,0.958278277,0.030176401,9.0843E-05,0.008630087,0,0.000181686,5.78092E-05,0,1286,17.84166718,23,34,43,177.75,0.997667306162359,0.998781119306438
13.43,5,0.002584897,0.958278277,0.030176401,9.0843E-05,0.008630087,0,0.000181686,5.78092E-05,0,1286,17.84166718,23,34,43,177.75,0.997596425226296,0.998814240725073
1.38,92,0.027108412,0.655601114,0.309119214,0.000358132,0.00012425,0,0.007126099,0.000562779,0,1296,12.16666698,24,49,27,161.4166667,0.997452360339664,0.998034424580831
1.31,92,0.027108412,0.655601114,0.309119214,0.000358132,0.00012425,0,0.007126099,0.000562779,0,1296,12.16666698,24,49,27,161.4166667,0.997407304666623,0.997814234095821
1.31,92,0.027108412,0.655601114,0.309119214,0.000358132,0.00012425,0,0.007126099,0.000562779,0,1296,12.16666698,24,49,27,161.4166667,0.997512066800349,0.994435900021285
4.7,888,8.43023E-05,0.715570629,0.283975436,0,7.78175E-05,0,0.000213998,0,7.78175E-05,1301,5.70416689,20,42,38,117.25,0.998038453633316,0.999119533819338
3.2,888,8.43023E-05,0.715570629,0.283975436,0,7.78175E-05,0,0.000213998,0,7.78175E-05,1301,5.70416689,20,42,38,117.25,0.998146303302578,0.999166610873405
1.9,888,8.43023E-05,0.715570629,0.283975436,0,7.78175E-05,0,0.000213998,0,7.78175E-05,1301,5.70416689,20,42,38,117.25,0.997775061256032,0.999107116455501
4,888,8.43023E-05,0.715570629,0.283975436,0,7.78175E-05,0,0.000213998,0,7.78175E-05,1301,5.70416689,20,42,38,117.25,0.998137597802643,0.999172478099056
2.8,888,8.43023E-05,0.715570629,0.283975436,0,7.78175E-05,0,0.000213998,0,7.78175E-05,1301,5.70416689,20,42,38,117.25,0.997925300328382,0.999083869539334
3.4,888,8.43023E-05,0.715570629,0.283975436,0,7.78175E-05,0,0.000213998,0,7.78175E-05,1301,5.70416689,20,42,38,117.25,0.998182940102692,0.999196285811623
3.9,888,8.43023E-05,0.715570629,0.283975436,0,7.78175E-05,0,0.000213998,0,7.78175E-05,1301,5.70416689,20,42,38,117.25,0.998239451474123,0.99917285191737
2.7,888,8.43023E-05,0.715570629,0.283975436,0,7.78175E-05,0,0.000213998,0,7.78175E-05,1301,5.70416689,20,42,38,117.25,0.998122298790625,0.999207521864972
4.2,888,8.43023E-05,0.715570629,0.283975436,0,7.78175E-05,0,0.000213998,0,7.78175E-05,1301,5.70416689,20,42,38,117.25,0.997757306208017,0.999034160335338
3.6,888,8.43023E-05,0.715570629,0.283975436,0,7.78175E-05,0,0.000213998,0,7.78175E-05,1301,5.70416689,20,42,38,117.25,0.998108146168212,0.999180184879887
0.1,3784,0.000232476,0.019388495,0.320770332,0.001915602,0.000241775,0.000399859,1.85981E-05,0.381204783,0.275828079,1309,1.57500005,23,43,34,229.0833333,0.997087196675876,0.999430764306246
0.45,1346,0.074247929,0.575572117,0.169513106,0.158282969,0.001154421,8.48839E-06,0.001612794,0.019608176,0,1317,16.35416603,23,43,34,190.9166667,0.998350127145654,0.999381771619299
0.15,1346,0.074247929,0.575572117,0.169513106,0.158282969,0.001154421,8.48839E-06,0.001612794,0.019608176,0,1317,16.35416603,23,43,34,190.9166667,0.99738834508529,0.999252258240103
0.15,1346,0.074247929,0.575572117,0.169513106,0.158282969,0.001154421,8.48839E-06,0.001612794,0.019608176,0,1317,16.35416603,23,43,34,190.9166667,0.996680173184267,0.999071248092795
0.4,1401,0.068578363,0.59851828,0.180123222,0.133634882,0.001120201,0,0.001663329,0.016361723,0,1330,16.21249962,23,43,34,190.9166667,0.998340578799593,0.999396724972219
0.15,1401,0.068578363,0.59851828,0.180123222,0.133634882,0.001120201,0,0.001663329,0.016361723,0,1330,16.21249962,23,43,34,190.9166667,0.997186563949149,0.999218344383429
0.15,1401,0.068578363,0.59851828,0.180123222,0.133634882,0.001120201,0,0.001663329,0.016361723,0,1330,16.21249962,23,43,34,190.9166667,0.996318986806318,0.998993493568319
1.87,39,0.189758806,0.430893618,0.217533986,0.000102021,0.010295605,0,0.004684458,0.146731507,0,1332,19.05000114,8,82,10,188.6666667,0.997563907556054,0.998848865413035
2.03,39,0.189758806,0.430893618,0.217533986,0.000102021,0.010295605,0,0.004684458,0.146731507,0,1332,19.05000114,8,82,10,188.6666667,0.997327429570291,0.998583128191333
2.7,39,0.189758806,0.430893618,0.217533986,0.000102021,0.010295605,0,0.004684458,0.146731507,0,1332,19.05000114,8,82,10,188.6666667,0.997574748346441,0.997414912229232
0.86,576,0.000559646,0.944850854,0.031484102,0,0.004421206,0,0.018460333,0.000223859,0,1371,12.90416718,24,49,27,174.9166667,0.996952497476375,0.998579219028359
5.1,949,7.78119E-05,0.701215163,0.298337418,0,7.78119E-05,0,0.000213983,0,7.78119E-05,1372,5.07499981,20,42,38,117.25,0.998247111782498,0.999249891714722
2.8,949,7.78119E-05,0.701215163,0.298337418,0,7.78119E-05,0,0.000213983,0,7.78119E-05,1372,5.07499981,20,42,38,117.25,0.998233183579619,0.999207305277499
1.5,949,7.78119E-05,0.701215163,0.298337418,0,7.78119E-05,0,0.000213983,0,7.78119E-05,1372,5.07499981,20,42,38,117.25,0.99772465964679,0.999049583063931
3.9,949,7.78119E-05,0.701215163,0.298337418,0,7.78119E-05,0,0.000213983,0,7.78119E-05,1372,5.07499981,20,42,38,117.25,0.998265457465546,0.999225445866449
2.8,949,7.78119E-05,0.701215163,0.298337418,0,7.78119E-05,0,0.000213983,0,7.78119E-05,1372,5.07499981,20,42,38,117.25,0.998174124563067,0.999184847750088
3.1,949,7.78119E-05,0.701215163,0.298337418,0,7.78119E-05,0,0.000213983,0,7.78119E-05,1372,5.07499981,20,42,38,117.25,0.998120912457188,0.999154448091667
3.3,949,7.78119E-05,0.701215163,0.298337418,0,7.78119E-05,0,0.000213983,0,7.78119E-05,1372,5.07499981,20,42,38,117.25,0.997995292475828,0.999118557394333
4.2,949,7.78119E-05,0.701215163,0.298337418,0,7.78119E-05,0,0.000213983,0,7.78119E-05,1372,5.07499981,20,42,38,117.25,0.998284620164395,0.999247724660331
2.5,949,7.78119E-05,0.701215163,0.298337418,0,7.78119E-05,0,0.000213983,0,7.78119E-05,1372,5.07499981,20,42,38,117.25,0.998425432897305,0.999271098995084
3.7,949,7.78119E-05,0.701215163,0.298337418,0,7.78119E-05,0,0.000213983,0,7.78119E-05,1372,5.07499981,20,42,38,117.25,0.998178037980935,0.999167731849597
3,949,7.78119E-05,0.701215163,0.298337418,0,7.78119E-05,0,0.000213983,0,7.78119E-05,1372,5.07499981,20,42,38,117.25,0.99767482038113,0.999007160736848
3.9,973,5.83582E-05,0.694922838,0.304649202,0,7.78109E-05,0,0.00021398,0,7.78109E-05,1372,5.07499981,20,42,38,117.25,0.9983151365131,0.999246128751908
2.3,973,5.83582E-05,0.694922838,0.304649202,0,7.78109E-05,0,0.00021398,0,7.78109E-05,1372,5.07499981,20,42,38,117.25,0.997986152259777,0.999160939109235
4.3,973,5.83582E-05,0.694922838,0.304649202,0,7.78109E-05,0,0.00021398,0,7.78109E-05,1372,5.07499981,20,42,38,117.25,0.998256340044385,0.999185168830651
2.8,973,5.83582E-05,0.694922838,0.304649202,0,7.78109E-05,0,0.00021398,0,7.78109E-05,1372,5.07499981,20,42,38,117.25,0.997960375408583,0.999146703854788
3.8,973,5.83582E-05,0.694922838,0.304649202,0,7.78109E-05,0,0.00021398,0,7.78109E-05,1372,5.07499981,20,42,38,117.25,0.998387282058729,0.999261531663775
3.4,973,5.83582E-05,0.694922838,0.304649202,0,7.78109E-05,0,0.00021398,0,7.78109E-05,1372,5.07499981,20,42,38,117.25,0.998078065640979,0.999179769811777
3.9,973,5.83582E-05,0.694922838,0.304649202,0,7.78109E-05,0,0.00021398,0,7.78109E-05,1372,5.07499981,20,42,38,117.25,0.998280511251105,0.999246261592573
4.2,973,5.83582E-05,0.694922838,0.304649202,0,7.78109E-05,0,0.00021398,0,7.78109E-05,1372,5.07499981,20,42,38,117.25,0.998155768834245,0.999166469570667
3.4,973,5.83582E-05,0.694922838,0.304649202,0,7.78109E-05,0,0.00021398,0,7.78109E-05,1372,5.07499981,20,42,38,117.25,0.997786682969672,0.999056015243958
4.1,973,5.83582E-05,0.694922838,0.304649202,0,7.78109E-05,0,0.00021398,0,7.78109E-05,1372,5.07499981,20,42,38,117.25,0.99819855496318,0.999224565897153
3.7,973,5.83582E-05,0.694922838,0.304649202,0,7.78109E-05,0,0.00021398,0,7.78109E-05,1372,5.07499981,20,42,38,117.25,0.998248603077085,0.999243470027394
0.55,555,0.057898948,0.705145522,0.013549902,0.218501854,0.001488338,0,0.001970113,0.001445323,0,1452,21.39583397,47,22,31,203.4166667,0.998495453520082,0.999441853287665
0.6,2498,0.033527697,0.506774138,0.36577774,0.034059338,0.003172698,0.001063282,0.001492025,0.04424627,0.009886812,1464,9.82083321,23,43,34,211.0833333,0.998152673860986,0.999371537236553
0.1,2498,0.033527697,0.506774138,0.36577774,0.034059338,0.003172698,0.001063282,0.001492025,0.04424627,0.009886812,1464,9.82083321,23,43,34,211.0833333,0.996497112972513,0.999149124158669
0.2,2498,0.033527697,0.506774138,0.36577774,0.034059338,0.003172698,0.001063282,0.001492025,0.04424627,0.009886812,1464,9.82083321,23,43,34,211.0833333,0.996737527028347,0.999136957728577
0.1,2492,0.032899017,0.503783858,0.372384687,0.033857823,0.00324453,0.001070096,0.001489573,0.042546999,0.008723419,1464,9.82083321,23,43,34,211.0833333,0.996499900434597,0.999196606369685
0.1,2492,0.032899017,0.503783858,0.372384687,0.033857823,0.00324453,0.001070096,0.001489573,0.042546999,0.008723419,1464,9.82083321,23,43,34,211.0833333,0.996662545040972,0.999130969938662
0.1,2233,0.025736421,0.610148136,0.286838073,0.038055508,0.00180487,0.000808786,0.000383109,0.028298995,0.007926103,1477,11.5625,23,43,34,192.3333333,0.997008095764282,0.999216914557498
0.1,2233,0.025736421,0.610148136,0.286838073,0.038055508,0.00180487,0.000808786,0.000383109,0.028298995,0.007926103,1477,11.5625,23,43,34,192.3333333,0.996545251389414,0.99905700116613
0.4,469,0.052524679,0.711669378,0.012375961,0.217947725,0.001643817,0,0.001953646,0.001884795,0,1507,21.96249962,47,22,31,204,0.998249492583998,0.999369442859618
0.35,469,0.052524679,0.711669378,0.012375961,0.217947725,0.001643817,0,0.001953646,0.001884795,0,1507,21.96249962,47,22,31,204,0.998153903948865,0.999350478652795
0.35,3035,0.001808206,0.263383393,0.483993373,0.010519659,0.001665687,0.001817113,0.000222685,0.214356974,0.022232911,1527,5.9708333,23,43,34,223.4166667,0.997735184647934,0.999227797348127
0.1,3035,0.001808206,0.263383393,0.483993373,0.010519659,0.001665687,0.001817113,0.000222685,0.214356974,0.022232911,1527,5.9708333,23,43,34,223.4166667,0.995406828013908,0.99885223093897
0.65,1090,0.024418249,0.846099544,0.030337824,0.068568415,0.002083759,0,0.005400762,0.023091447,0,1559,18.10000038,47,22,31,201.6666667,0.998527815493206,0.999437190168372
0.25,1090,0.024418249,0.846099544,0.030337824,0.068568415,0.002083759,0,0.005400762,0.023091447,0,1559,18.10000038,47,22,31,201.6666667,0.997481346079711,0.999194430077973
0.25,1090,0.024418249,0.846099544,0.030337824,0.068568415,0.002083759,0,0.005400762,0.023091447,0,1559,18.10000038,47,22,31,201.6666667,0.9975255802548,0.999255458130696
0.7,345,0.142155231,0.691753227,0.044255461,0.046252343,0.004186446,0,0.063164533,0.008232759,0,1602,23.39583397,22,42,36,207.5,0.998457576182978,0.99953362533944
0.4,345,0.142155231,0.691753227,0.044255461,0.046252343,0.004186446,0,0.063164533,0.008232759,0,1602,23.39583397,22,42,36,207.5,0.99803532935897,0.999363185578572
6.568,342,0.04540825,0.741045663,0.135991343,0.00018036,0.002588695,0,0.074626549,0.000159141,0,1625,25.23749924,14,77,9,213.1666667,0.998521563504122,0.999473853604891
6.047,342,0.04540825,0.741045663,0.135991343,0.00018036,0.002588695,0,0.074626549,0.000159141,0,1625,25.23749924,14,77,9,213.1666667,0.998738771284424,0.999511793422331
4.656,342,0.04540825,0.741045663,0.135991343,0.00018036,0.002588695,0,0.074626549,0.000159141,0,1625,25.23749924,14,77,9,213.1666667,0.998534195307504,0.999519818702539
4.755,342,0.04540825,0.741045663,0.135991343,0.00018036,0.002588695,0,0.074626549,0.000159141,0,1625,25.23749924,14,77,9,213.1666667,0.998486463230703,0.999452018427913
5.509,342,0.04540825,0.741045663,0.135991343,0.00018036,0.002588695,0,0.074626549,0.000159141,0,1625,25.23749924,14,77,9,213.1666667,0.998479788451412,0.999518463648289
10.56,342,0.04540825,0.741045663,0.135991343,0.00018036,0.002588695,0,0.074626549,0.000159141,0,1625,25.23749924,14,77,9,213.1666667,0.998644326660646,0.999466365443464
5.904,342,0.04540825,0.741045663,0.135991343,0.00018036,0.002588695,0,0.074626549,0.000159141,0,1625,25.23749924,14,77,9,213.1666667,0.998544954022126,0.999506614914497
6.069,342,0.04540825,0.741045663,0.135991343,0.00018036,0.002588695,0,0.074626549,0.000159141,0,1625,25.23749924,14,77,9,213.1666667,0.998603112948046,0.999496232616225
7.07,342,0.04540825,0.741045663,0.135991343,0.00018036,0.002588695,0,0.074626549,0.000159141,0,1625,25.23749924,14,77,9,213.1666667,0.99853406577963,0.999424755648783
7.915,342,0.04540825,0.741045663,0.135991343,0.00018036,0.002588695,0,0.074626549,0.000159141,0,1625,25.23749924,14,77,9,213.1666667,0.998594944822906,0.999474651871946
5.013,342,0.04540825,0.741045663,0.135991343,0.00018036,0.002588695,0,0.074626549,0.000159141,0,1625,25.23749924,14,77,9,213.1666667,0.998590629839555,0.999495474061105
9.922,342,0.04540825,0.741045663,0.135991343,0.00018036,0.002588695,0,0.074626549,0.000159141,0,1625,25.23749924,14,77,9,213.1666667,0.998522792458833,0.999418987284476
6.312,342,0.04540825,0.741045663,0.135991343,0.00018036,0.002588695,0,0.074626549,0.000159141,0,1625,25.23749924,14,77,9,213.1666667,0.998725036113342,0.99945839973375
12.83,349,0.048466885,0.747699553,0.129486001,0.000185895,0.0013529,0,0.072808766,0,0,1633,25.23333359,14,77,9,213.1666667,0.998502636661139,0.999361849371647
16.01,349,0.048466885,0.747699553,0.129486001,0.000185895,0.0013529,0,0.072808766,0,0,1633,25.23333359,14,77,9,213.1666667,0.998718988187929,0.999376277211377
13.93,349,0.048466885,0.747699553,0.129486001,0.000185895,0.0013529,0,0.072808766,0,0,1633,25.23333359,14,77,9,213.1666667,0.998795511257759,0.999446121864756
13.24,349,0.048466885,0.747699553,0.129486001,0.000185895,0.0013529,0,0.072808766,0,0,1633,25.23333359,14,77,9,213.1666667,0.998682652962313,0.999384961499344
11.62,349,0.048466885,0.747699553,0.129486001,0.000185895,0.0013529,0,0.072808766,0,0,1633,25.23333359,14,77,9,213.1666667,0.998662124207684,0.999389463222166
15.39,349,0.048466885,0.747699553,0.129486001,0.000185895,0.0013529,0,0.072808766,0,0,1633,25.23333359,14,77,9,213.1666667,0.998552227870605,0.999394241616253
12.11,349,0.048466885,0.747699553,0.129486001,0.000185895,0.0013529,0,0.072808766,0,0,1633,25.23333359,14,77,9,213.1666667,0.998582962385191,0.999399175658926
12.06,349,0.048466885,0.747699553,0.129486001,0.000185895,0.0013529,0,0.072808766,0,0,1633,25.23333359,14,77,9,213.1666667,0.99861630871217,0.999405136267651
9.018,349,0.048466885,0.747699553,0.129486001,0.000185895,0.0013529,0,0.072808766,0,0,1633,25.23333359,14,77,9,213.1666667,0.998611950794743,0.999438518912852
16.21,349,0.048466885,0.747699553,0.129486001,0.000185895,0.0013529,0,0.072808766,0,0,1633,25.23333359,14,77,9,213.1666667,0.998658027771191,0.999362742399476
14.06,349,0.048466885,0.747699553,0.129486001,0.000185895,0.0013529,0,0.072808766,0,0,1633,25.23333359,14,77,9,213.1666667,0.998546740797566,0.999371256729667
15.88,349,0.048466885,0.747699553,0.129486001,0.000185895,0.0013529,0,0.072808766,0,0,1633,25.23333359,14,77,9,213.1666667,0.998634173443641,0.999376243191929
17.97,349,0.048466885,0.747699553,0.129486001,0.000185895,0.0013529,0,0.072808766,0,0,1633,25.23333359,14,77,9,213.1666667,0.998622628716301,0.999331695065328
4.98,424,0.006424759,0.977337055,0.014700553,5.8763E-05,0,0,0.00147887,0,0,1635,24.73333359,26,60,14,211.1666667,0.998534256664834,0.999342289479243
2.936,424,0.006424759,0.977337055,0.014700553,5.8763E-05,0,0,0.00147887,0,0,1635,24.73333359,26,60,14,211.1666667,0.998736472875825,0.999413992368565
6.676,424,0.006424759,0.977337055,0.014700553,5.8763E-05,0,0,0.00147887,0,0,1635,24.73333359,26,60,14,211.1666667,0.998573582012557,0.9993419754139
5.086,424,0.006424759,0.977337055,0.014700553,5.8763E-05,0,0,0.00147887,0,0,1635,24.73333359,26,60,14,211.1666667,0.998659757366472,0.999427663179456
4.088,424,0.006424759,0.977337055,0.014700553,5.8763E-05,0,0,0.00147887,0,0,1635,24.73333359,26,60,14,211.1666667,0.998632153957695,0.999405881806971
3.701,424,0.006424759,0.977337055,0.014700553,5.8763E-05,0,0,0.00147887,0,0,1635,24.73333359,26,60,14,211.1666667,0.998705226571643,0.999453926030337
3.35,424,0.006424759,0.977337055,0.014700553,5.8763E-05,0,0,0.00147887,0,0,1635,24.73333359,26,60,14,211.1666667,0.998734269449208,0.999473891144465
4.546,424,0.006424759,0.977337055,0.014700553,5.8763E-05,0,0,0.00147887,0,0,1635,24.73333359,26,60,14,211.1666667,0.99858963384108,0.999374540492444
6.914,424,0.006424759,0.977337055,0.014700553,5.8763E-05,0,0,0.00147887,0,0,1635,24.73333359,26,60,14,211.1666667,0.998770602747447,0.999499577862359
3.732,424,0.006424759,0.977337055,0.014700553,5.8763E-05,0,0,0.00147887,0,0,1635,24.73333359,26,60,14,211.1666667,0.998545616039246,0.999405203642229
5.914,424,0.006424759,0.977337055,0.014700553,5.8763E-05,0,0,0.00147887,0,0,1635,24.73333359,26,60,14,211.1666667,0.998538035080884,0.99934525429686
13.34,424,0.006424759,0.977337055,0.014700553,5.8763E-05,0,0,0.00147887,0,0,1635,24.73333359,26,60,14,211.1666667,0.998528183024231,0.999317972325956
3.919,410,0.036932208,0.941012281,0.018852957,2.93812E-05,9.79374E-06,0,0.003163379,0,0,1642,24.87083435,26,60,14,210.1666667,0.998517420179249,0.999393809611505
5.024,410,0.036932208,0.941012281,0.018852957,2.93812E-05,9.79374E-06,0,0.003163379,0,0,1642,24.87083435,26,60,14,210.1666667,0.998426704811684,0.999300881515111
4.306,410,0.036932208,0.941012281,0.018852957,2.93812E-05,9.79374E-06,0,0.003163379,0,0,1642,24.87083435,26,60,14,210.1666667,0.998751070818523,0.999482815713789
3.346,410,0.036932208,0.941012281,0.018852957,2.93812E-05,9.79374E-06,0,0.003163379,0,0,1642,24.87083435,26,60,14,210.1666667,0.99853961097627,0.99937616702455
3.955,410,0.036932208,0.941012281,0.018852957,2.93812E-05,9.79374E-06,0,0.003163379,0,0,1642,24.87083435,26,60,14,210.1666667,0.998547677557198,0.999391472265128
2.769,410,0.036932208,0.941012281,0.018852957,2.93812E-05,9.79374E-06,0,0.003163379,0,0,1642,24.87083435,26,60,14,210.1666667,0.998640451026363,0.999455169708636
1.87,410,0.036932208,0.941012281,0.018852957,2.93812E-05,9.79374E-06,0,0.003163379,0,0,1642,24.87083435,26,60,14,210.1666667,0.998722093643675,0.999519391159847
9.495,410,0.036932208,0.941012281,0.018852957,2.93812E-05,9.79374E-06,0,0.003163379,0,0,1642,24.87083435,26,60,14,210.1666667,0.998468996351154,0.99936748835919
8.127,410,0.036932208,0.941012281,0.018852957,2.93812E-05,9.79374E-06,0,0.003163379,0,0,1642,24.87083435,26,60,14,210.1666667,0.998686742496192,0.999443879383056
1.64,410,0.036932208,0.941012281,0.018852957,2.93812E-05,9.79374E-06,0,0.003163379,0,0,1642,24.87083435,26,60,14,210.1666667,0.998756184709025,0.999514601943459
6.284,410,0.036932208,0.941012281,0.018852957,2.93812E-05,9.79374E-06,0,0.003163379,0,0,1642,24.87083435,26,60,14,210.1666667,0.998675186638603,0.999442162982483
8.611,410,0.036932208,0.941012281,0.018852957,2.93812E-05,9.79374E-06,0,0.003163379,0,0,1642,24.87083435,26,60,14,210.1666667,0.99867136872095,0.999449584492896
3.355,344,0.038710767,0.758374317,0.126031619,0.000168858,0.002406231,0,0.074149904,0.000158305,0,1642,25.26250076,14,77,9,213.1666667,0.998472342845211,0.999391624866804
10.95,344,0.038710767,0.758374317,0.126031619,0.000168858,0.002406231,0,0.074149904,0.000158305,0,1642,25.26250076,14,77,9,213.1666667,0.998487350812984,0.999333746050166
6.988,344,0.038710767,0.758374317,0.126031619,0.000168858,0.002406231,0,0.074149904,0.000158305,0,1642,25.26250076,14,77,9,213.1666667,0.998232546021853,0.999270982545056
6.343,344,0.038710767,0.758374317,0.126031619,0.000168858,0.002406231,0,0.074149904,0.000158305,0,1642,25.26250076,14,77,9,213.1666667,0.998390404798134,0.999347943284964
5.097,344,0.038710767,0.758374317,0.126031619,0.000168858,0.002406231,0,0.074149904,0.000158305,0,1642,25.26250076,14,77,9,213.1666667,0.998475878827196,0.999397191214603
8.324,344,0.038710767,0.758374317,0.126031619,0.000168858,0.002406231,0,0.074149904,0.000158305,0,1642,25.26250076,14,77,9,213.1666667,0.998558340327421,0.99940401963542
5.761,344,0.038710767,0.758374317,0.126031619,0.000168858,0.002406231,0,0.074149904,0.000158305,0,1642,25.26250076,14,77,9,213.1666667,0.998340101266735,0.999326851983338
6.298,344,0.038710767,0.758374317,0.126031619,0.000168858,0.002406231,0,0.074149904,0.000158305,0,1642,25.26250076,14,77,9,213.1666667,0.998222397914054,0.999304534484485
7.458,344,0.038710767,0.758374317,0.126031619,0.000168858,0.002406231,0,0.074149904,0.000158305,0,1642,25.26250076,14,77,9,213.1666667,0.998587907837846,0.999402134827788
10.54,344,0.038710767,0.758374317,0.126031619,0.000168858,0.002406231,0,0.074149904,0.000158305,0,1642,25.26250076,14,77,9,213.1666667,0.998554724653856,0.999423927268188
5.499,344,0.038710767,0.758374317,0.126031619,0.000168858,0.002406231,0,0.074149904,0.000158305,0,1642,25.26250076,14,77,9,213.1666667,0.998450827028377,0.999390475386416
11.24,344,0.038710767,0.758374317,0.126031619,0.000168858,0.002406231,0,0.074149904,0.000158305,0,1642,25.26250076,14,77,9,213.1666667,0.998426686836356,0.999372260109483
11.82,344,0.038710767,0.758374317,0.126031619,0.000168858,0.002406231,0,0.074149904,0.000158305,0,1642,25.26250076,14,77,9,213.1666667,0.998468102863607,0.999334824463541
0.5,442,0.014703202,0.878190829,0.007507833,0.09214238,0.001857429,0,0.001692517,0.003905809,0,1655,22.44166756,47,22,31,207.5,0.998535809491029,0.999493245809833
0.4,442,0.014703202,0.878190829,0.007507833,0.09214238,0.001857429,0,0.001692517,0.003905809,0,1655,22.44166756,47,22,31,207.5,0.998332694100146,0.999419327815329
0.4,442,0.014703202,0.878190829,0.007507833,0.09214238,0.001857429,0,0.001692517,0.003905809,0,1655,22.44166756,47,22,31,207.5,0.998078631088846,0.999323041655351
0.2,3270,0.008625855,0.024881934,0.591950377,0.001356876,0.000704871,0.000748925,0,0.137758159,0.233973003,1657,4.51249981,23,43,34,215.8333333,0.998398748850376,0.999451033108623
0.1,3270,0.008625855,0.024881934,0.591950377,0.001356876,0.000704871,0.000748925,0,0.137758159,0.233973003,1657,4.51249981,23,43,34,215.8333333,0.996644858783488,0.999336569524392
0.1,3270,0.008625855,0.024881934,0.591950377,0.001356876,0.000704871,0.000748925,0,0.137758159,0.233973003,1657,4.51249981,23,43,34,215.8333333,0.995375621369524,0.999009538872001
1.465,333,0.047203265,0.733514747,0.140688443,0.000117847,0.002785485,0,0.075690211,0,0,1662,25.25416756,14,77,9,213.1666667,0.998469852412794,0.99945950318909
5.286,333,0.047203265,0.733514747,0.140688443,0.000117847,0.002785485,0,0.075690211,0,0,1662,25.25416756,14,77,9,213.1666667,0.998565978511879,0.99941129585272
3.936,333,0.047203265,0.733514747,0.140688443,0.000117847,0.002785485,0,0.075690211,0,0,1662,25.25416756,14,77,9,213.1666667,0.998614247480158,0.999387204024383
1.4,333,0.047203265,0.733514747,0.140688443,0.000117847,0.002785485,0,0.075690211,0,0,1662,25.25416756,14,77,9,213.1666667,0.998184369697963,0.999425449279218
1.054,333,0.047203265,0.733514747,0.140688443,0.000117847,0.002785485,0,0.075690211,0,0,1662,25.25416756,14,77,9,213.1666667,0.998528082822061,0.999567556224485
1.869,333,0.047203265,0.733514747,0.140688443,0.000117847,0.002785485,0,0.075690211,0,0,1662,25.25416756,14,77,9,213.1666667,0.998024750936076,0.999375464209833
1.464,333,0.047203265,0.733514747,0.140688443,0.000117847,0.002785485,0,0.075690211,0,0,1662,25.25416756,14,77,9,213.1666667,0.998300381235379,0.999467414066019
1.287,333,0.047203265,0.733514747,0.140688443,0.000117847,0.002785485,0,0.075690211,0,0,1662,25.25416756,14,77,9,213.1666667,0.998338694127253,0.999428966269407
4.3,333,0.047203265,0.733514747,0.140688443,0.000117847,0.002785485,0,0.075690211,0,0,1662,25.25416756,14,77,9,213.1666667,0.998270731550912,0.999469570551649
1.927,333,0.047203265,0.733514747,0.140688443,0.000117847,0.002785485,0,0.075690211,0,0,1662,25.25416756,14,77,9,213.1666667,0.998214243881827,0.999409734832988
1.307,333,0.047203265,0.733514747,0.140688443,0.000117847,0.002785485,0,0.075690211,0,0,1662,25.25416756,14,77,9,213.1666667,0.998253725242068,0.99939389228044
0.8777,333,0.047203265,0.733514747,0.140688443,0.000117847,0.002785485,0,0.075690211,0,0,1662,25.25416756,14,77,9,213.1666667,0.998197203593501,0.999443306323948
2.118,333,0.047203265,0.733514747,0.140688443,0.000117847,0.002785485,0,0.075690211,0,0,1662,25.25416756,14,77,9,213.1666667,0.998632752695531,0.999460180770868
0.66,474,0.001611027,0.984055887,0.012584796,7.22434E-06,2.1673E-05,0,0.001625476,9.39164E-05,0,1738,9.8708334,23,41,36,163.6666667,0.997561494281202,0.997992348287599
0.71,474,0.001611027,0.984055887,0.012584796,7.22434E-06,2.1673E-05,0,0.001625476,9.39164E-05,0,1738,9.8708334,23,41,36,163.6666667,0.996614535638076,0.997926984403746
0.69,474,0.001611027,0.984055887,0.012584796,7.22434E-06,2.1673E-05,0,0.001625476,9.39164E-05,0,1738,9.8708334,23,41,36,163.6666667,0.997726197558899,0.998619969341918
0.2,3242,0.009785922,0.02846238,0.587905976,0.001881212,0.000940606,0.000804942,9.04429E-06,0.138052041,0.232157877,1761,5.39583349,23,43,34,215.8333333,0.997817649581708,0.999303521579862
0.1,3242,0.009785922,0.02846238,0.587905976,0.001881212,0.000940606,0.000804942,9.04429E-06,0.138052041,0.232157877,1761,5.39583349,23,43,34,215.8333333,0.99703343705334,0.99937069391196
0.1,3242,0.009785922,0.02846238,0.587905976,0.001881212,0.000940606,0.000804942,9.04429E-06,0.138052041,0.232157877,1761,5.39583349,23,43,34,215.8333333,0.996033380166332,0.999076231189632
1.4,0,0.216307886,0.540270923,0.031796703,0.061052189,1.05009E-05,0,0.129307991,0.021253807,0,1779,22.30833435,0,0,0,159.8333333,0.998139841762039,0.99950421258869
1.7,14,0.357051115,0.386090429,0.034237091,0.043318148,0.00014048,0,0.177376628,0.001786108,0,1820,22.13333321,21,39,40,162.25,0.998331134819958,0.999583722889321
0.45,373,0.000770533,0.968724631,0.029197683,0,0,0,0.001272755,3.43988E-05,0,1907,9.32916641,21,47,32,148.0833333,0.997182682985382,0.998332526902238
0.53,373,0.000770533,0.968724631,0.029197683,0,0,0,0.001272755,3.43988E-05,0,1907,9.32916641,21,47,32,148.0833333,0.997078573809601,0.998025502192495
1.24,633,0.00420172,0.966693684,0.023011636,0.003577518,9.31645E-06,0,0.002385012,0.000121114,0,2048,21.37916756,7,78,15,237.1666667,0.997523401523383,0.998887502190715
0.8,633,0.00420172,0.966693684,0.023011636,0.003577518,9.31645E-06,0,0.002385012,0.000121114,0,2048,21.37916756,7,78,15,237.1666667,0.997429142973502,0.99874095660909
1.09,633,0.00420172,0.966693684,0.023011636,0.003577518,9.31645E-06,0,0.002385012,0.000121114,0,2048,21.37916756,7,78,15,237.1666667,0.997326593726904,0.974856071138222
